customer_id,email,first_name,last_name,total_payments,total_spent,_merge
1,MARY.SMITH@sakilacustomer.org,MARY,SMITH,32,118.68,right_only
1,MARY.SMITH@sakilacustomer.org,MARY,SMITH,64,237.36,left_only
2,PATRICIA.JOHNSON@sakilacustomer.org,PATRICIA,JOHNSON,27,128.73,right_only
2,PATRICIA.JOHNSON@sakilacustomer.org,PATRICIA,JOHNSON,54,257.46,left_only
3,LINDA.WILLIAMS@sakilacustomer.org,LINDA,WILLIAMS,26,135.74,right_only
3,LINDA.WILLIAMS@sakilacustomer.org,LINDA,WILLIAMS,52,271.48,left_only
4,BARBARA.JONES@sakilacustomer.org,BARBARA,JONES,22,81.78,right_only
4,BARBARA.JONES@sakilacustomer.org,BARBARA,JONES,44,163.56,left_only
5,ELIZABETH.BROWN@sakilacustomer.org,ELIZABETH,BROWN,38,144.62,right_only
5,ELIZABETH.BROWN@sakilacustomer.org,ELIZABETH,BROWN,76,289.24,left_only
6,JENNIFER.DAVIS@sakilacustomer.org,JENNIFER,DAVIS,28,93.72,right_only
6,JENNIFER.DAVIS@sakilacustomer.org,JENNIFER,DAVIS,56,187.44,left_only
7,MARIA.MILLER@sakilacustomer.org,MARIA,MILLER,33,151.67,right_only
7,MARIA.MILLER@sakilacustomer.org,MARIA,MILLER,66,303.34,left_only
8,SUSAN.WILSON@sakilacustomer.org,SUSAN,WILSON,24,92.76,right_only
8,SUSAN.WILSON@sakilacustomer.org,SUSAN,WILSON,48,185.52,left_only
9,MARGARET.MOORE@sakilacustomer.org,MARGARET,MOORE,23,89.77,right_only
9,MARGARET.MOORE@sakilacustomer.org,MARGARET,MOORE,46,179.54,left_only
10,DOROTHY.TAYLOR@sakilacustomer.org,DOROTHY,TAYLOR,25,99.75,right_only
10,DOROTHY.TAYLOR@sakilacustomer.org,DOROTHY,TAYLOR,50,199.5,left_only
11,LISA.ANDERSON@sakilacustomer.org,LISA,ANDERSON,24,106.76,right_only
11,LISA.ANDERSON@sakilacustomer.org,LISA,ANDERSON,48,213.52,left_only
12,NANCY.THOMAS@sakilacustomer.org,NANCY,THOMAS,28,103.72,right_only
12,NANCY.THOMAS@sakilacustomer.org,NANCY,THOMAS,56,207.44,left_only
13,KAREN.JACKSON@sakilacustomer.org,KAREN,JACKSON,27,131.73,right_only
13,KAREN.JACKSON@sakilacustomer.org,KAREN,JACKSON,54,263.46,left_only
14,BETTY.WHITE@sakilacustomer.org,BETTY,WHITE,28,117.72,right_only
14,BETTY.WHITE@sakilacustomer.org,BETTY,WHITE,56,235.44,left_only
15,HELEN.HARRIS@sakilacustomer.org,HELEN,HARRIS,32,134.68,right_only
15,HELEN.HARRIS@sakilacustomer.org,HELEN,HARRIS,64,269.36,left_only
16,SANDRA.MARTIN@sakilacustomer.org,SANDRA,MARTIN,28,118.72,right_only
16,SANDRA.MARTIN@sakilacustomer.org,SANDRA,MARTIN,56,237.44,left_only
17,DONNA.THOMPSON@sakilacustomer.org,DONNA,THOMPSON,21,98.79,right_only
17,DONNA.THOMPSON@sakilacustomer.org,DONNA,THOMPSON,42,197.58,left_only
18,CAROL.GARCIA@sakilacustomer.org,CAROL,GARCIA,22,91.78,right_only
18,CAROL.GARCIA@sakilacustomer.org,CAROL,GARCIA,44,183.56,left_only
19,RUTH.MARTINEZ@sakilacustomer.org,RUTH,MARTINEZ,24,125.76,right_only
19,RUTH.MARTINEZ@sakilacustomer.org,RUTH,MARTINEZ,48,251.52,left_only
20,SHARON.ROBINSON@sakilacustomer.org,SHARON,ROBINSON,31,120.47,right_only
20,SHARON.ROBINSON@sakilacustomer.org,SHARON,ROBINSON,62,240.94,left_only
21,MICHELLE.CLARK@sakilacustomer.org,MICHELLE,CLARK,35,155.65,right_only
21,MICHELLE.CLARK@sakilacustomer.org,MICHELLE,CLARK,70,311.3,left_only
22,LAURA.RODRIGUEZ@sakilacustomer.org,LAURA,RODRIGUEZ,22,113.78,right_only
22,LAURA.RODRIGUEZ@sakilacustomer.org,LAURA,RODRIGUEZ,44,227.56,left_only
23,SARAH.LEWIS@sakilacustomer.org,SARAH,LEWIS,30,119.7,right_only
23,SARAH.LEWIS@sakilacustomer.org,SARAH,LEWIS,60,239.4,left_only
24,KIMBERLY.LEE@sakilacustomer.org,KIMBERLY,LEE,26,96.82,right_only
24,KIMBERLY.LEE@sakilacustomer.org,KIMBERLY,LEE,52,193.64,left_only
25,DEBORAH.WALKER@sakilacustomer.org,DEBORAH,WALKER,29,115.71,right_only
25,DEBORAH.WALKER@sakilacustomer.org,DEBORAH,WALKER,58,231.42,left_only
26,JESSICA.HALL@sakilacustomer.org,JESSICA,HALL,34,152.66,right_only
26,JESSICA.HALL@sakilacustomer.org,JESSICA,HALL,68,305.32,left_only
27,SHIRLEY.ALLEN@sakilacustomer.org,SHIRLEY,ALLEN,31,126.69,right_only
27,SHIRLEY.ALLEN@sakilacustomer.org,SHIRLEY,ALLEN,62,253.38,left_only
28,CYNTHIA.YOUNG@sakilacustomer.org,CYNTHIA,YOUNG,32,111.68,right_only
28,CYNTHIA.YOUNG@sakilacustomer.org,CYNTHIA,YOUNG,64,223.36,left_only
29,ANGELA.HERNANDEZ@sakilacustomer.org,ANGELA,HERNANDEZ,36,140.64,right_only
29,ANGELA.HERNANDEZ@sakilacustomer.org,ANGELA,HERNANDEZ,72,281.28,left_only
30,MELISSA.KING@sakilacustomer.org,MELISSA,KING,34,123.66,right_only
30,MELISSA.KING@sakilacustomer.org,MELISSA,KING,68,247.32,left_only
31,BRENDA.WRIGHT@sakilacustomer.org,BRENDA,WRIGHT,26,104.74,right_only
31,BRENDA.WRIGHT@sakilacustomer.org,BRENDA,WRIGHT,52,209.48,left_only
32,AMY.LOPEZ@sakilacustomer.org,AMY,LOPEZ,29,127.71,right_only
32,AMY.LOPEZ@sakilacustomer.org,AMY,LOPEZ,58,255.42,left_only
33,ANNA.HILL@sakilacustomer.org,ANNA,HILL,21,91.79,right_only
33,ANNA.HILL@sakilacustomer.org,ANNA,HILL,42,183.58,left_only
34,REBECCA.SCOTT@sakilacustomer.org,REBECCA,SCOTT,24,89.76,right_only
34,REBECCA.SCOTT@sakilacustomer.org,REBECCA,SCOTT,48,179.52,left_only
35,VIRGINIA.GREEN@sakilacustomer.org,VIRGINIA,GREEN,32,129.68,right_only
35,VIRGINIA.GREEN@sakilacustomer.org,VIRGINIA,GREEN,64,259.36,left_only
36,KATHLEEN.ADAMS@sakilacustomer.org,KATHLEEN,ADAMS,27,92.73,right_only
36,KATHLEEN.ADAMS@sakilacustomer.org,KATHLEEN,ADAMS,54,185.46,left_only
37,PAMELA.BAKER@sakilacustomer.org,PAMELA,BAKER,23,95.77,right_only
37,PAMELA.BAKER@sakilacustomer.org,PAMELA,BAKER,46,191.54,left_only
38,MARTHA.GONZALEZ@sakilacustomer.org,MARTHA,GONZALEZ,34,127.66,right_only
38,MARTHA.GONZALEZ@sakilacustomer.org,MARTHA,GONZALEZ,68,255.32,left_only
39,DEBRA.NELSON@sakilacustomer.org,DEBRA,NELSON,29,141.71,right_only
39,DEBRA.NELSON@sakilacustomer.org,DEBRA,NELSON,58,283.42,left_only
40,AMANDA.CARTER@sakilacustomer.org,AMANDA,CARTER,27,110.73,right_only
40,AMANDA.CARTER@sakilacustomer.org,AMANDA,CARTER,54,221.46,left_only
41,STEPHANIE.MITCHELL@sakilacustomer.org,STEPHANIE,MITCHELL,25,118.75,right_only
41,STEPHANIE.MITCHELL@sakilacustomer.org,STEPHANIE,MITCHELL,50,237.5,left_only
42,CAROLYN.PEREZ@sakilacustomer.org,CAROLYN,PEREZ,30,117.7,right_only
42,CAROLYN.PEREZ@sakilacustomer.org,CAROLYN,PEREZ,60,235.4,left_only
43,CHRISTINE.ROBERTS@sakilacustomer.org,CHRISTINE,ROBERTS,24,99.76,right_only
43,CHRISTINE.ROBERTS@sakilacustomer.org,CHRISTINE,ROBERTS,48,199.52,left_only
44,MARIE.TURNER@sakilacustomer.org,MARIE,TURNER,26,114.74,right_only
44,MARIE.TURNER@sakilacustomer.org,MARIE,TURNER,52,229.48,left_only
45,JANET.PHILLIPS@sakilacustomer.org,JANET,PHILLIPS,27,127.73,right_only
45,JANET.PHILLIPS@sakilacustomer.org,JANET,PHILLIPS,54,255.46,left_only
46,CATHERINE.CAMPBELL@sakilacustomer.org,CATHERINE,CAMPBELL,34,142.66,right_only
46,CATHERINE.CAMPBELL@sakilacustomer.org,CATHERINE,CAMPBELL,68,285.32,left_only
47,FRANCES.PARKER@sakilacustomer.org,FRANCES,PARKER,22,108.78,right_only
47,FRANCES.PARKER@sakilacustomer.org,FRANCES,PARKER,44,217.56,left_only
48,ANN.EVANS@sakilacustomer.org,ANN,EVANS,17,76.83,right_only
48,ANN.EVANS@sakilacustomer.org,ANN,EVANS,34,153.66,left_only
49,JOYCE.EDWARDS@sakilacustomer.org,JOYCE,EDWARDS,28,130.72,right_only
49,JOYCE.EDWARDS@sakilacustomer.org,JOYCE,EDWARDS,56,261.44,left_only
50,DIANE.COLLINS@sakilacustomer.org,DIANE,COLLINS,35,169.65,right_only
50,DIANE.COLLINS@sakilacustomer.org,DIANE,COLLINS,70,339.3,left_only
51,ALICE.STEWART@sakilacustomer.org,ALICE,STEWART,33,138.67,right_only
51,ALICE.STEWART@sakilacustomer.org,ALICE,STEWART,66,277.34,left_only
52,JULIE.SANCHEZ@sakilacustomer.org,JULIE,SANCHEZ,29,107.71,right_only
52,JULIE.SANCHEZ@sakilacustomer.org,JULIE,SANCHEZ,58,215.42,left_only
53,HEATHER.MORRIS@sakilacustomer.org,HEATHER,MORRIS,30,115.7,right_only
53,HEATHER.MORRIS@sakilacustomer.org,HEATHER,MORRIS,60,231.4,left_only
54,TERESA.ROGERS@sakilacustomer.org,TERESA,ROGERS,29,128.71,right_only
54,TERESA.ROGERS@sakilacustomer.org,TERESA,ROGERS,58,257.42,left_only
55,DORIS.REED@sakilacustomer.org,DORIS,REED,23,104.73,right_only
55,DORIS.REED@sakilacustomer.org,DORIS,REED,46,209.46,left_only
56,GLORIA.COOK@sakilacustomer.org,GLORIA,COOK,30,135.7,right_only
56,GLORIA.COOK@sakilacustomer.org,GLORIA,COOK,60,271.4,left_only
57,EVELYN.MORGAN@sakilacustomer.org,EVELYN,MORGAN,29,116.13,right_only
57,EVELYN.MORGAN@sakilacustomer.org,EVELYN,MORGAN,58,232.26,left_only
58,JEAN.BELL@sakilacustomer.org,JEAN,BELL,27,115.73,right_only
58,JEAN.BELL@sakilacustomer.org,JEAN,BELL,54,231.46,left_only
59,CHERYL.MURPHY@sakilacustomer.org,CHERYL,MURPHY,27,133.73,right_only
59,CHERYL.MURPHY@sakilacustomer.org,CHERYL,MURPHY,54,267.46,left_only
60,MILDRED.BAILEY@sakilacustomer.org,MILDRED,BAILEY,25,98.75,right_only
60,MILDRED.BAILEY@sakilacustomer.org,MILDRED,BAILEY,50,197.5,left_only
61,KATHERINE.RIVERA@sakilacustomer.org,KATHERINE,RIVERA,14,58.86,right_only
61,KATHERINE.RIVERA@sakilacustomer.org,KATHERINE,RIVERA,28,117.72,left_only
62,JOAN.COOPER@sakilacustomer.org,JOAN,COOPER,24,87.47,right_only
62,JOAN.COOPER@sakilacustomer.org,JOAN,COOPER,48,174.94,left_only
63,ASHLEY.RICHARDSON@sakilacustomer.org,ASHLEY,RICHARDSON,25,112.75,right_only
63,ASHLEY.RICHARDSON@sakilacustomer.org,ASHLEY,RICHARDSON,50,225.5,left_only
64,JUDITH.COX@sakilacustomer.org,JUDITH,COX,33,100.67,right_only
64,JUDITH.COX@sakilacustomer.org,JUDITH,COX,66,201.34,left_only
65,ROSE.HOWARD@sakilacustomer.org,ROSE,HOWARD,22,103.78,right_only
65,ROSE.HOWARD@sakilacustomer.org,ROSE,HOWARD,44,207.56,left_only
66,JANICE.WARD@sakilacustomer.org,JANICE,WARD,34,144.66,right_only
66,JANICE.WARD@sakilacustomer.org,JANICE,WARD,68,289.32,left_only
67,KELLY.TORRES@sakilacustomer.org,KELLY,TORRES,22,99.78,right_only
67,KELLY.TORRES@sakilacustomer.org,KELLY,TORRES,44,199.56,left_only
68,NICOLE.PETERSON@sakilacustomer.org,NICOLE,PETERSON,22,94.78,right_only
68,NICOLE.PETERSON@sakilacustomer.org,NICOLE,PETERSON,44,189.56,left_only
69,JUDY.GRAY@sakilacustomer.org,JUDY,GRAY,25,96.75,right_only
69,JUDY.GRAY@sakilacustomer.org,JUDY,GRAY,50,193.5,left_only
70,CHRISTINA.RAMIREZ@sakilacustomer.org,CHRISTINA,RAMIREZ,18,80.82,right_only
70,CHRISTINA.RAMIREZ@sakilacustomer.org,CHRISTINA,RAMIREZ,36,161.64,left_only
71,KATHY.JAMES@sakilacustomer.org,KATHY,JAMES,30,129.7,right_only
71,KATHY.JAMES@sakilacustomer.org,KATHY,JAMES,60,259.4,left_only
72,THERESA.WATSON@sakilacustomer.org,THERESA,WATSON,30,99.7,right_only
72,THERESA.WATSON@sakilacustomer.org,THERESA,WATSON,60,199.4,left_only
73,BEVERLY.BROOKS@sakilacustomer.org,BEVERLY,BROOKS,24,97.76,right_only
73,BEVERLY.BROOKS@sakilacustomer.org,BEVERLY,BROOKS,48,195.52,left_only
74,DENISE.KELLY@sakilacustomer.org,DENISE,KELLY,27,103.73,right_only
74,DENISE.KELLY@sakilacustomer.org,DENISE,KELLY,54,207.46,left_only
75,TAMMY.SANDERS@sakilacustomer.org,TAMMY,SANDERS,41,155.59,right_only
75,TAMMY.SANDERS@sakilacustomer.org,TAMMY,SANDERS,82,311.18,left_only
76,IRENE.PRICE@sakilacustomer.org,IRENE,PRICE,23,77.77,right_only
76,IRENE.PRICE@sakilacustomer.org,IRENE,PRICE,46,155.54,left_only
77,JANE.BENNETT@sakilacustomer.org,JANE,BENNETT,28,100.72,right_only
77,JANE.BENNETT@sakilacustomer.org,JANE,BENNETT,56,201.44,left_only
78,LORI.WOOD@sakilacustomer.org,LORI,WOOD,31,141.69,right_only
78,LORI.WOOD@sakilacustomer.org,LORI,WOOD,62,283.38,left_only
79,RACHEL.BARNES@sakilacustomer.org,RACHEL,BARNES,22,84.78,right_only
79,RACHEL.BARNES@sakilacustomer.org,RACHEL,BARNES,44,169.56,left_only
80,MARILYN.ROSS@sakilacustomer.org,MARILYN,ROSS,30,137.7,right_only
80,MARILYN.ROSS@sakilacustomer.org,MARILYN,ROSS,60,275.4,left_only
81,ANDREA.HENDERSON@sakilacustomer.org,ANDREA,HENDERSON,22,93.78,right_only
81,ANDREA.HENDERSON@sakilacustomer.org,ANDREA,HENDERSON,44,187.56,left_only
82,KATHRYN.COLEMAN@sakilacustomer.org,KATHRYN,COLEMAN,26,130.74,right_only
82,KATHRYN.COLEMAN@sakilacustomer.org,KATHRYN,COLEMAN,52,261.48,left_only
83,LOUISE.JENKINS@sakilacustomer.org,LOUISE,JENKINS,25,101.75,right_only
83,LOUISE.JENKINS@sakilacustomer.org,LOUISE,JENKINS,50,203.5,left_only
84,SARA.PERRY@sakilacustomer.org,SARA,PERRY,33,141.67,right_only
84,SARA.PERRY@sakilacustomer.org,SARA,PERRY,66,283.34,left_only
85,ANNE.POWELL@sakilacustomer.org,ANNE,POWELL,23,87.77,right_only
85,ANNE.POWELL@sakilacustomer.org,ANNE,POWELL,46,175.54,left_only
86,JACQUELINE.LONG@sakilacustomer.org,JACQUELINE,LONG,33,148.67,right_only
86,JACQUELINE.LONG@sakilacustomer.org,JACQUELINE,LONG,66,297.34,left_only
87,WANDA.PATTERSON@sakilacustomer.org,WANDA,PATTERSON,30,145.7,right_only
87,WANDA.PATTERSON@sakilacustomer.org,WANDA,PATTERSON,60,291.4,left_only
88,BONNIE.HUGHES@sakilacustomer.org,BONNIE,HUGHES,21,87.79,right_only
88,BONNIE.HUGHES@sakilacustomer.org,BONNIE,HUGHES,42,175.58,left_only
89,JULIA.FLORES@sakilacustomer.org,JULIA,FLORES,32,134.68,right_only
89,JULIA.FLORES@sakilacustomer.org,JULIA,FLORES,64,269.36,left_only
90,RUBY.WASHINGTON@sakilacustomer.org,RUBY,WASHINGTON,28,110.72,right_only
90,RUBY.WASHINGTON@sakilacustomer.org,RUBY,WASHINGTON,56,221.44,left_only
91,LOIS.BUTLER@sakilacustomer.org,LOIS,BUTLER,35,113.65,right_only
91,LOIS.BUTLER@sakilacustomer.org,LOIS,BUTLER,70,227.3,left_only
92,TINA.SIMMONS@sakilacustomer.org,TINA,SIMMONS,28,133.72,right_only
92,TINA.SIMMONS@sakilacustomer.org,TINA,SIMMONS,56,267.44,left_only
93,PHYLLIS.FOSTER@sakilacustomer.org,PHYLLIS,FOSTER,23,91.77,right_only
93,PHYLLIS.FOSTER@sakilacustomer.org,PHYLLIS,FOSTER,46,183.54,left_only
94,NORMA.GONZALES@sakilacustomer.org,NORMA,GONZALES,21,79.79,right_only
94,NORMA.GONZALES@sakilacustomer.org,NORMA,GONZALES,42,159.58,left_only
95,PAULA.BRYANT@sakilacustomer.org,PAULA,BRYANT,18,77.82,right_only
95,PAULA.BRYANT@sakilacustomer.org,PAULA,BRYANT,36,155.64,left_only
96,DIANA.ALEXANDER@sakilacustomer.org,DIANA,ALEXANDER,27,105.73,right_only
96,DIANA.ALEXANDER@sakilacustomer.org,DIANA,ALEXANDER,54,211.46,left_only
97,ANNIE.RUSSELL@sakilacustomer.org,ANNIE,RUSSELL,18,58.82,right_only
97,ANNIE.RUSSELL@sakilacustomer.org,ANNIE,RUSSELL,36,117.64,left_only
98,LILLIAN.GRIFFIN@sakilacustomer.org,LILLIAN,GRIFFIN,25,106.75,right_only
98,LILLIAN.GRIFFIN@sakilacustomer.org,LILLIAN,GRIFFIN,50,213.5,left_only
99,EMILY.DIAZ@sakilacustomer.org,EMILY,DIAZ,24,91.76,right_only
99,EMILY.DIAZ@sakilacustomer.org,EMILY,DIAZ,48,183.52,left_only
100,ROBIN.HAYES@sakilacustomer.org,ROBIN,HAYES,24,102.76,right_only
100,ROBIN.HAYES@sakilacustomer.org,ROBIN,HAYES,48,205.52,left_only
101,PEGGY.MYERS@sakilacustomer.org,PEGGY,MYERS,24,96.76,right_only
101,PEGGY.MYERS@sakilacustomer.org,PEGGY,MYERS,48,193.52,left_only
102,CRYSTAL.FORD@sakilacustomer.org,CRYSTAL,FORD,33,137.67,right_only
102,CRYSTAL.FORD@sakilacustomer.org,CRYSTAL,FORD,66,275.34,left_only
103,GLADYS.HAMILTON@sakilacustomer.org,GLADYS,HAMILTON,31,146.69,right_only
103,GLADYS.HAMILTON@sakilacustomer.org,GLADYS,HAMILTON,62,293.38,left_only
104,RITA.GRAHAM@sakilacustomer.org,RITA,GRAHAM,24,92.76,right_only
104,RITA.GRAHAM@sakilacustomer.org,RITA,GRAHAM,48,185.52,left_only
105,DAWN.SULLIVAN@sakilacustomer.org,DAWN,SULLIVAN,26,120.74,right_only
105,DAWN.SULLIVAN@sakilacustomer.org,DAWN,SULLIVAN,52,241.48,left_only
106,CONNIE.WALLACE@sakilacustomer.org,CONNIE,WALLACE,23,100.77,right_only
106,CONNIE.WALLACE@sakilacustomer.org,CONNIE,WALLACE,46,201.54,left_only
107,FLORENCE.WOODS@sakilacustomer.org,FLORENCE,WOODS,30,126.7,right_only
107,FLORENCE.WOODS@sakilacustomer.org,FLORENCE,WOODS,60,253.4,left_only
108,TRACY.COLE@sakilacustomer.org,TRACY,COLE,30,132.7,right_only
108,TRACY.COLE@sakilacustomer.org,TRACY,COLE,60,265.4,left_only
109,EDNA.WEST@sakilacustomer.org,EDNA,WEST,26,107.74,right_only
109,EDNA.WEST@sakilacustomer.org,EDNA,WEST,52,215.48,left_only
110,TIFFANY.JORDAN@sakilacustomer.org,TIFFANY,JORDAN,14,59.86,right_only
110,TIFFANY.JORDAN@sakilacustomer.org,TIFFANY,JORDAN,28,119.72,left_only
111,CARMEN.OWENS@sakilacustomer.org,CARMEN,OWENS,26,97.74,right_only
111,CARMEN.OWENS@sakilacustomer.org,CARMEN,OWENS,52,195.48,left_only
112,ROSA.REYNOLDS@sakilacustomer.org,ROSA,REYNOLDS,30,133.7,right_only
112,ROSA.REYNOLDS@sakilacustomer.org,ROSA,REYNOLDS,60,267.4,left_only
113,CINDY.FISHER@sakilacustomer.org,CINDY,FISHER,29,113.71,right_only
113,CINDY.FISHER@sakilacustomer.org,CINDY,FISHER,58,227.42,left_only
114,GRACE.ELLIS@sakilacustomer.org,GRACE,ELLIS,33,139.67,right_only
114,GRACE.ELLIS@sakilacustomer.org,GRACE,ELLIS,66,279.34,left_only
115,WENDY.HARRISON@sakilacustomer.org,WENDY,HARRISON,30,91.7,right_only
115,WENDY.HARRISON@sakilacustomer.org,WENDY,HARRISON,60,183.4,left_only
116,VICTORIA.GIBSON@sakilacustomer.org,VICTORIA,GIBSON,27,111.73,right_only
116,VICTORIA.GIBSON@sakilacustomer.org,VICTORIA,GIBSON,54,223.46,left_only
117,EDITH.MCDONALD@sakilacustomer.org,EDITH,MCDONALD,19,71.81,right_only
117,EDITH.MCDONALD@sakilacustomer.org,EDITH,MCDONALD,38,143.62,left_only
118,KIM.CRUZ@sakilacustomer.org,KIM,CRUZ,21,82.79,right_only
118,KIM.CRUZ@sakilacustomer.org,KIM,CRUZ,42,165.58,left_only
119,SHERRY.MARSHALL@sakilacustomer.org,SHERRY,MARSHALL,34,153.66,right_only
119,SHERRY.MARSHALL@sakilacustomer.org,SHERRY,MARSHALL,68,307.32,left_only
120,SYLVIA.ORTIZ@sakilacustomer.org,SYLVIA,ORTIZ,32,143.68,right_only
120,SYLVIA.ORTIZ@sakilacustomer.org,SYLVIA,ORTIZ,64,287.36,left_only
121,JOSEPHINE.GOMEZ@sakilacustomer.org,JOSEPHINE,GOMEZ,26,109.74,right_only
121,JOSEPHINE.GOMEZ@sakilacustomer.org,JOSEPHINE,GOMEZ,52,219.48,left_only
122,THELMA.MURRAY@sakilacustomer.org,THELMA,MURRAY,32,126.68,right_only
122,THELMA.MURRAY@sakilacustomer.org,THELMA,MURRAY,64,253.36,left_only
123,SHANNON.FREEMAN@sakilacustomer.org,SHANNON,FREEMAN,24,100.76,right_only
123,SHANNON.FREEMAN@sakilacustomer.org,SHANNON,FREEMAN,48,201.52,left_only
124,SHEILA.WELLS@sakilacustomer.org,SHEILA,WELLS,18,73.82,right_only
124,SHEILA.WELLS@sakilacustomer.org,SHEILA,WELLS,36,147.64,left_only
125,ETHEL.WEBB@sakilacustomer.org,ETHEL,WEBB,32,135.68,right_only
125,ETHEL.WEBB@sakilacustomer.org,ETHEL,WEBB,64,271.36,left_only
126,ELLEN.SIMPSON@sakilacustomer.org,ELLEN,SIMPSON,28,117.72,right_only
126,ELLEN.SIMPSON@sakilacustomer.org,ELLEN,SIMPSON,56,235.44,left_only
127,ELAINE.STEVENS@sakilacustomer.org,ELAINE,STEVENS,26,115.8,right_only
127,ELAINE.STEVENS@sakilacustomer.org,ELAINE,STEVENS,52,231.6,left_only
128,MARJORIE.TUCKER@sakilacustomer.org,MARJORIE,TUCKER,32,127.68,right_only
128,MARJORIE.TUCKER@sakilacustomer.org,MARJORIE,TUCKER,64,255.36,left_only
129,CARRIE.PORTER@sakilacustomer.org,CARRIE,PORTER,34,124.66,right_only
129,CARRIE.PORTER@sakilacustomer.org,CARRIE,PORTER,68,249.32,left_only
130,CHARLOTTE.HUNTER@sakilacustomer.org,CHARLOTTE,HUNTER,25,96.79,right_only
130,CHARLOTTE.HUNTER@sakilacustomer.org,CHARLOTTE,HUNTER,50,193.58,left_only
131,MONICA.HICKS@sakilacustomer.org,MONICA,HICKS,30,128.7,right_only
131,MONICA.HICKS@sakilacustomer.org,MONICA,HICKS,60,257.4,left_only
132,ESTHER.CRAWFORD@sakilacustomer.org,ESTHER,CRAWFORD,28,95.72,right_only
132,ESTHER.CRAWFORD@sakilacustomer.org,ESTHER,CRAWFORD,56,191.44,left_only
133,PAULINE.HENRY@sakilacustomer.org,PAULINE,HENRY,27,98.73,right_only
133,PAULINE.HENRY@sakilacustomer.org,PAULINE,HENRY,54,197.46,left_only
134,EMMA.BOYD@sakilacustomer.org,EMMA,BOYD,23,94.77,right_only
134,EMMA.BOYD@sakilacustomer.org,EMMA,BOYD,46,189.54,left_only
135,JUANITA.MASON@sakilacustomer.org,JUANITA,MASON,30,110.7,right_only
135,JUANITA.MASON@sakilacustomer.org,JUANITA,MASON,60,221.4,left_only
136,ANITA.MORALES@sakilacustomer.org,ANITA,MORALES,15,62.85,right_only
136,ANITA.MORALES@sakilacustomer.org,ANITA,MORALES,30,125.7,left_only
137,RHONDA.KENNEDY@sakilacustomer.org,RHONDA,KENNEDY,39,194.61,right_only
137,RHONDA.KENNEDY@sakilacustomer.org,RHONDA,KENNEDY,78,389.22,left_only
138,HAZEL.WARREN@sakilacustomer.org,HAZEL,WARREN,34,110.66,right_only
138,HAZEL.WARREN@sakilacustomer.org,HAZEL,WARREN,68,221.32,left_only
139,AMBER.DIXON@sakilacustomer.org,AMBER,DIXON,27,113.73,right_only
139,AMBER.DIXON@sakilacustomer.org,AMBER,DIXON,54,227.46,left_only
140,EVA.RAMOS@sakilacustomer.org,EVA,RAMOS,18,83.82,right_only
140,EVA.RAMOS@sakilacustomer.org,EVA,RAMOS,36,167.64,left_only
141,DEBBIE.REYES@sakilacustomer.org,DEBBIE,REYES,32,130.68,right_only
141,DEBBIE.REYES@sakilacustomer.org,DEBBIE,REYES,64,261.36,left_only
142,APRIL.BURNS@sakilacustomer.org,APRIL,BURNS,26,94.74,right_only
142,APRIL.BURNS@sakilacustomer.org,APRIL,BURNS,52,189.48,left_only
143,LESLIE.GORDON@sakilacustomer.org,LESLIE,GORDON,22,89.78,right_only
143,LESLIE.GORDON@sakilacustomer.org,LESLIE,GORDON,44,179.56,left_only
144,CLARA.SHAW@sakilacustomer.org,CLARA,SHAW,42,195.58,right_only
144,CLARA.SHAW@sakilacustomer.org,CLARA,SHAW,84,391.16,left_only
145,LUCILLE.HOLMES@sakilacustomer.org,LUCILLE,HOLMES,28,108.72,right_only
145,LUCILLE.HOLMES@sakilacustomer.org,LUCILLE,HOLMES,56,217.44,left_only
146,JAMIE.RICE@sakilacustomer.org,JAMIE,RICE,29,139.71,right_only
146,JAMIE.RICE@sakilacustomer.org,JAMIE,RICE,58,279.42,left_only
147,JOANNE.ROBERTSON@sakilacustomer.org,JOANNE,ROBERTSON,34,127.66,right_only
147,JOANNE.ROBERTSON@sakilacustomer.org,JOANNE,ROBERTSON,68,255.32,left_only
148,ELEANOR.HUNT@sakilacustomer.org,ELEANOR,HUNT,46,216.54,right_only
148,ELEANOR.HUNT@sakilacustomer.org,ELEANOR,HUNT,92,433.08,left_only
149,VALERIE.BLACK@sakilacustomer.org,VALERIE,BLACK,26,121.74,right_only
149,VALERIE.BLACK@sakilacustomer.org,VALERIE,BLACK,52,243.48,left_only
150,DANIELLE.DANIELS@sakilacustomer.org,DANIELLE,DANIELS,25,105.75,right_only
150,DANIELLE.DANIELS@sakilacustomer.org,DANIELLE,DANIELS,50,211.5,left_only
151,MEGAN.PALMER@sakilacustomer.org,MEGAN,PALMER,27,92.73,right_only
151,MEGAN.PALMER@sakilacustomer.org,MEGAN,PALMER,54,185.46,left_only
152,ALICIA.MILLS@sakilacustomer.org,ALICIA,MILLS,21,83.79,right_only
152,ALICIA.MILLS@sakilacustomer.org,ALICIA,MILLS,42,167.58,left_only
153,SUZANNE.NICHOLS@sakilacustomer.org,SUZANNE,NICHOLS,24,94.76,right_only
153,SUZANNE.NICHOLS@sakilacustomer.org,SUZANNE,NICHOLS,48,189.52,left_only
154,MICHELE.GRANT@sakilacustomer.org,MICHELE,GRANT,30,130.7,right_only
154,MICHELE.GRANT@sakilacustomer.org,MICHELE,GRANT,60,261.4,left_only
155,GAIL.KNIGHT@sakilacustomer.org,GAIL,KNIGHT,25,109.75,right_only
155,GAIL.KNIGHT@sakilacustomer.org,GAIL,KNIGHT,50,219.5,left_only
156,BERTHA.FERGUSON@sakilacustomer.org,BERTHA,FERGUSON,25,101.75,right_only
156,BERTHA.FERGUSON@sakilacustomer.org,BERTHA,FERGUSON,50,203.5,left_only
157,DARLENE.ROSE@sakilacustomer.org,DARLENE,ROSE,31,113.69,right_only
157,DARLENE.ROSE@sakilacustomer.org,DARLENE,ROSE,62,227.38,left_only
158,VERONICA.STONE@sakilacustomer.org,VERONICA,STONE,32,126.68,right_only
158,VERONICA.STONE@sakilacustomer.org,VERONICA,STONE,64,253.36,left_only
159,JILL.HAWKINS@sakilacustomer.org,JILL,HAWKINS,21,68.79,right_only
159,JILL.HAWKINS@sakilacustomer.org,JILL,HAWKINS,42,137.58,left_only
160,ERIN.DUNN@sakilacustomer.org,ERIN,DUNN,27,106.73,right_only
160,ERIN.DUNN@sakilacustomer.org,ERIN,DUNN,54,213.46,left_only
161,GERALDINE.PERKINS@sakilacustomer.org,GERALDINE,PERKINS,30,112.7,right_only
161,GERALDINE.PERKINS@sakilacustomer.org,GERALDINE,PERKINS,60,225.4,left_only
162,LAUREN.HUDSON@sakilacustomer.org,LAUREN,HUDSON,20,71.8,right_only
162,LAUREN.HUDSON@sakilacustomer.org,LAUREN,HUDSON,40,143.6,left_only
163,CATHY.SPENCER@sakilacustomer.org,CATHY,SPENCER,30,125.42,right_only
163,CATHY.SPENCER@sakilacustomer.org,CATHY,SPENCER,60,250.84,left_only
164,JOANN.GARDNER@sakilacustomer.org,JOANN,GARDNER,16,66.84,right_only
164,JOANN.GARDNER@sakilacustomer.org,JOANN,GARDNER,32,133.68,left_only
165,LORRAINE.STEPHENS@sakilacustomer.org,LORRAINE,STEPHENS,21,86.79,right_only
165,LORRAINE.STEPHENS@sakilacustomer.org,LORRAINE,STEPHENS,42,173.58,left_only
166,LYNN.PAYNE@sakilacustomer.org,LYNN,PAYNE,28,123.72,right_only
166,LYNN.PAYNE@sakilacustomer.org,LYNN,PAYNE,56,247.44,left_only
167,SALLY.PIERCE@sakilacustomer.org,SALLY,PIERCE,32,119.68,right_only
167,SALLY.PIERCE@sakilacustomer.org,SALLY,PIERCE,64,239.36,left_only
168,REGINA.BERRY@sakilacustomer.org,REGINA,BERRY,34,135.66,right_only
168,REGINA.BERRY@sakilacustomer.org,REGINA,BERRY,68,271.32,left_only
169,ERICA.MATTHEWS@sakilacustomer.org,ERICA,MATTHEWS,22,95.78,right_only
169,ERICA.MATTHEWS@sakilacustomer.org,ERICA,MATTHEWS,44,191.56,left_only
170,BEATRICE.ARNOLD@sakilacustomer.org,BEATRICE,ARNOLD,26,119.74,right_only
170,BEATRICE.ARNOLD@sakilacustomer.org,BEATRICE,ARNOLD,52,239.48,left_only
171,DOLORES.WAGNER@sakilacustomer.org,DOLORES,WAGNER,26,114.74,right_only
171,DOLORES.WAGNER@sakilacustomer.org,DOLORES,WAGNER,52,229.48,left_only
172,BERNICE.WILLIS@sakilacustomer.org,BERNICE,WILLIS,33,145.67,right_only
172,BERNICE.WILLIS@sakilacustomer.org,BERNICE,WILLIS,66,291.34,left_only
173,AUDREY.RAY@sakilacustomer.org,AUDREY,RAY,29,119.71,right_only
173,AUDREY.RAY@sakilacustomer.org,AUDREY,RAY,58,239.42,left_only
174,YVONNE.WATKINS@sakilacustomer.org,YVONNE,WATKINS,21,92.79,right_only
174,YVONNE.WATKINS@sakilacustomer.org,YVONNE,WATKINS,42,185.58,left_only
175,ANNETTE.OLSON@sakilacustomer.org,ANNETTE,OLSON,24,98.76,right_only
175,ANNETTE.OLSON@sakilacustomer.org,ANNETTE,OLSON,48,197.52,left_only
176,JUNE.CARROLL@sakilacustomer.org,JUNE,CARROLL,37,173.63,right_only
176,JUNE.CARROLL@sakilacustomer.org,JUNE,CARROLL,74,347.26,left_only
177,SAMANTHA.DUNCAN@sakilacustomer.org,SAMANTHA,DUNCAN,23,71.77,right_only
177,SAMANTHA.DUNCAN@sakilacustomer.org,SAMANTHA,DUNCAN,46,143.54,left_only
178,MARION.SNYDER@sakilacustomer.org,MARION,SNYDER,39,194.61,right_only
178,MARION.SNYDER@sakilacustomer.org,MARION,SNYDER,78,389.22,left_only
179,DANA.HART@sakilacustomer.org,DANA,HART,29,133.71,right_only
179,DANA.HART@sakilacustomer.org,DANA,HART,58,267.42,left_only
180,STACY.CUNNINGHAM@sakilacustomer.org,STACY,CUNNINGHAM,23,98.77,right_only
180,STACY.CUNNINGHAM@sakilacustomer.org,STACY,CUNNINGHAM,46,197.54,left_only
181,ANA.BRADLEY@sakilacustomer.org,ANA,BRADLEY,34,174.66,right_only
181,ANA.BRADLEY@sakilacustomer.org,ANA,BRADLEY,68,349.32,left_only
182,RENEE.LANE@sakilacustomer.org,RENEE,LANE,26,97.74,right_only
182,RENEE.LANE@sakilacustomer.org,RENEE,LANE,52,195.48,left_only
183,IDA.ANDREWS@sakilacustomer.org,IDA,ANDREWS,23,76.77,right_only
183,IDA.ANDREWS@sakilacustomer.org,IDA,ANDREWS,46,153.54,left_only
184,VIVIAN.RUIZ@sakilacustomer.org,VIVIAN,RUIZ,23,90.77,right_only
184,VIVIAN.RUIZ@sakilacustomer.org,VIVIAN,RUIZ,46,181.54,left_only
185,ROBERTA.HARPER@sakilacustomer.org,ROBERTA,HARPER,23,84.77,right_only
185,ROBERTA.HARPER@sakilacustomer.org,ROBERTA,HARPER,46,169.54,left_only
186,HOLLY.FOX@sakilacustomer.org,HOLLY,FOX,31,114.69,right_only
186,HOLLY.FOX@sakilacustomer.org,HOLLY,FOX,62,229.38,left_only
187,BRITTANY.RILEY@sakilacustomer.org,BRITTANY,RILEY,28,159.72,right_only
187,BRITTANY.RILEY@sakilacustomer.org,BRITTANY,RILEY,56,319.44,left_only
188,MELANIE.ARMSTRONG@sakilacustomer.org,MELANIE,ARMSTRONG,25,92.75,right_only
188,MELANIE.ARMSTRONG@sakilacustomer.org,MELANIE,ARMSTRONG,50,185.5,left_only
189,LORETTA.CARPENTER@sakilacustomer.org,LORETTA,CARPENTER,22,93.78,right_only
189,LORETTA.CARPENTER@sakilacustomer.org,LORETTA,CARPENTER,44,187.56,left_only
190,YOLANDA.WEAVER@sakilacustomer.org,YOLANDA,WEAVER,27,110.73,right_only
190,YOLANDA.WEAVER@sakilacustomer.org,YOLANDA,WEAVER,54,221.46,left_only
191,JEANETTE.GREENE@sakilacustomer.org,JEANETTE,GREENE,20,74.8,right_only
191,JEANETTE.GREENE@sakilacustomer.org,JEANETTE,GREENE,40,149.6,left_only
192,LAURIE.LAWRENCE@sakilacustomer.org,LAURIE,LAWRENCE,23,99.77,right_only
192,LAURIE.LAWRENCE@sakilacustomer.org,LAURIE,LAWRENCE,46,199.54,left_only
193,KATIE.ELLIOTT@sakilacustomer.org,KATIE,ELLIOTT,25,109.75,right_only
193,KATIE.ELLIOTT@sakilacustomer.org,KATIE,ELLIOTT,50,219.5,left_only
194,KRISTEN.CHAVEZ@sakilacustomer.org,KRISTEN,CHAVEZ,18,87.82,right_only
194,KRISTEN.CHAVEZ@sakilacustomer.org,KRISTEN,CHAVEZ,36,175.64,left_only
195,VANESSA.SIMS@sakilacustomer.org,VANESSA,SIMS,19,86.81,right_only
195,VANESSA.SIMS@sakilacustomer.org,VANESSA,SIMS,38,173.62,left_only
196,ALMA.AUSTIN@sakilacustomer.org,ALMA,AUSTIN,35,151.65,right_only
196,ALMA.AUSTIN@sakilacustomer.org,ALMA,AUSTIN,70,303.3,left_only
197,SUE.PETERS@sakilacustomer.org,SUE,PETERS,40,154.6,right_only
197,SUE.PETERS@sakilacustomer.org,SUE,PETERS,80,309.2,left_only
198,ELSIE.KELLEY@sakilacustomer.org,ELSIE,KELLEY,37,141.63,right_only
198,ELSIE.KELLEY@sakilacustomer.org,ELSIE,KELLEY,74,283.26,left_only
199,BETH.FRANKLIN@sakilacustomer.org,BETH,FRANKLIN,25,103.75,right_only
199,BETH.FRANKLIN@sakilacustomer.org,BETH,FRANKLIN,50,207.5,left_only
200,JEANNE.LAWSON@sakilacustomer.org,JEANNE,LAWSON,27,136.73,right_only
200,JEANNE.LAWSON@sakilacustomer.org,JEANNE,LAWSON,54,273.46,left_only
201,VICKI.FIELDS@sakilacustomer.org,VICKI,FIELDS,25,108.75,right_only
201,VICKI.FIELDS@sakilacustomer.org,VICKI,FIELDS,50,217.5,left_only
202,CARLA.GUTIERREZ@sakilacustomer.org,CARLA,GUTIERREZ,26,103.74,right_only
202,CARLA.GUTIERREZ@sakilacustomer.org,CARLA,GUTIERREZ,52,207.48,left_only
203,TARA.RYAN@sakilacustomer.org,TARA,RYAN,20,88.8,right_only
203,TARA.RYAN@sakilacustomer.org,TARA,RYAN,40,177.6,left_only
204,ROSEMARY.SCHMIDT@sakilacustomer.org,ROSEMARY,SCHMIDT,35,147.65,right_only
204,ROSEMARY.SCHMIDT@sakilacustomer.org,ROSEMARY,SCHMIDT,70,295.3,left_only
205,EILEEN.CARR@sakilacustomer.org,EILEEN,CARR,18,80.82,right_only
205,EILEEN.CARR@sakilacustomer.org,EILEEN,CARR,36,161.64,left_only
206,TERRI.VASQUEZ@sakilacustomer.org,TERRI,VASQUEZ,27,126.73,right_only
206,TERRI.VASQUEZ@sakilacustomer.org,TERRI,VASQUEZ,54,253.46,left_only
207,GERTRUDE.CASTILLO@sakilacustomer.org,GERTRUDE,CASTILLO,34,137.66,right_only
207,GERTRUDE.CASTILLO@sakilacustomer.org,GERTRUDE,CASTILLO,68,275.32,left_only
208,LUCY.WHEELER@sakilacustomer.org,LUCY,WHEELER,26,91.74,right_only
208,LUCY.WHEELER@sakilacustomer.org,LUCY,WHEELER,52,183.48,left_only
209,TONYA.CHAPMAN@sakilacustomer.org,TONYA,CHAPMAN,32,161.68,right_only
209,TONYA.CHAPMAN@sakilacustomer.org,TONYA,CHAPMAN,64,323.36,left_only
210,ELLA.OLIVER@sakilacustomer.org,ELLA,OLIVER,31,137.69,right_only
210,ELLA.OLIVER@sakilacustomer.org,ELLA,OLIVER,62,275.38,left_only
211,STACEY.MONTGOMERY@sakilacustomer.org,STACEY,MONTGOMERY,34,151.66,right_only
211,STACEY.MONTGOMERY@sakilacustomer.org,STACEY,MONTGOMERY,68,303.32,left_only
212,WILMA.RICHARDS@sakilacustomer.org,WILMA,RICHARDS,20,91.8,right_only
212,WILMA.RICHARDS@sakilacustomer.org,WILMA,RICHARDS,40,183.6,left_only
213,GINA.WILLIAMSON@sakilacustomer.org,GINA,WILLIAMSON,28,111.72,right_only
213,GINA.WILLIAMSON@sakilacustomer.org,GINA,WILLIAMSON,56,223.44,left_only
214,KRISTIN.JOHNSTON@sakilacustomer.org,KRISTIN,JOHNSTON,31,116.69,right_only
214,KRISTIN.JOHNSTON@sakilacustomer.org,KRISTIN,JOHNSTON,62,233.38,left_only
215,JESSIE.BANKS@sakilacustomer.org,JESSIE,BANKS,26,91.74,right_only
215,JESSIE.BANKS@sakilacustomer.org,JESSIE,BANKS,52,183.48,left_only
216,NATALIE.MEYER@sakilacustomer.org,NATALIE,MEYER,23,95.77,right_only
216,NATALIE.MEYER@sakilacustomer.org,NATALIE,MEYER,46,191.54,left_only
217,AGNES.BISHOP@sakilacustomer.org,AGNES,BISHOP,23,98.77,right_only
217,AGNES.BISHOP@sakilacustomer.org,AGNES,BISHOP,46,197.54,left_only
218,VERA.MCCOY@sakilacustomer.org,VERA,MCCOY,18,67.82,right_only
218,VERA.MCCOY@sakilacustomer.org,VERA,MCCOY,36,135.64,left_only
219,WILLIE.HOWELL@sakilacustomer.org,WILLIE,HOWELL,26,101.74,right_only
219,WILLIE.HOWELL@sakilacustomer.org,WILLIE,HOWELL,52,203.48,left_only
220,CHARLENE.ALVAREZ@sakilacustomer.org,CHARLENE,ALVAREZ,27,114.73,right_only
220,CHARLENE.ALVAREZ@sakilacustomer.org,CHARLENE,ALVAREZ,54,229.46,left_only
221,BESSIE.MORRISON@sakilacustomer.org,BESSIE,MORRISON,28,132.72,right_only
221,BESSIE.MORRISON@sakilacustomer.org,BESSIE,MORRISON,56,265.44,left_only
222,DELORES.HANSEN@sakilacustomer.org,DELORES,HANSEN,21,91.79,right_only
222,DELORES.HANSEN@sakilacustomer.org,DELORES,HANSEN,42,183.58,left_only
223,MELINDA.FERNANDEZ@sakilacustomer.org,MELINDA,FERNANDEZ,17,80.83,right_only
223,MELINDA.FERNANDEZ@sakilacustomer.org,MELINDA,FERNANDEZ,34,161.66,left_only
224,PEARL.GARZA@sakilacustomer.org,PEARL,GARZA,22,76.78,right_only
224,PEARL.GARZA@sakilacustomer.org,PEARL,GARZA,44,153.56,left_only
225,ARLENE.HARVEY@sakilacustomer.org,ARLENE,HARVEY,26,120.74,right_only
225,ARLENE.HARVEY@sakilacustomer.org,ARLENE,HARVEY,52,241.48,left_only
226,MAUREEN.LITTLE@sakilacustomer.org,MAUREEN,LITTLE,21,87.79,right_only
226,MAUREEN.LITTLE@sakilacustomer.org,MAUREEN,LITTLE,42,175.58,left_only
227,COLLEEN.BURTON@sakilacustomer.org,COLLEEN,BURTON,24,87.76,right_only
227,COLLEEN.BURTON@sakilacustomer.org,COLLEEN,BURTON,48,175.52,left_only
228,ALLISON.STANLEY@sakilacustomer.org,ALLISON,STANLEY,27,92.73,right_only
228,ALLISON.STANLEY@sakilacustomer.org,ALLISON,STANLEY,54,185.46,left_only
229,TAMARA.NGUYEN@sakilacustomer.org,TAMARA,NGUYEN,26,96.48,right_only
229,TAMARA.NGUYEN@sakilacustomer.org,TAMARA,NGUYEN,52,192.96,left_only
230,JOY.GEORGE@sakilacustomer.org,JOY,GEORGE,33,124.67,right_only
230,JOY.GEORGE@sakilacustomer.org,JOY,GEORGE,66,249.34,left_only
231,GEORGIA.JACOBS@sakilacustomer.org,GEORGIA,JACOBS,26,110.74,right_only
231,GEORGIA.JACOBS@sakilacustomer.org,GEORGIA,JACOBS,52,221.48,left_only
232,CONSTANCE.REID@sakilacustomer.org,CONSTANCE,REID,25,95.75,right_only
232,CONSTANCE.REID@sakilacustomer.org,CONSTANCE,REID,50,191.5,left_only
233,LILLIE.KIM@sakilacustomer.org,LILLIE,KIM,23,89.77,right_only
233,LILLIE.KIM@sakilacustomer.org,LILLIE,KIM,46,179.54,left_only
234,CLAUDIA.FULLER@sakilacustomer.org,CLAUDIA,FULLER,27,115.38,right_only
234,CLAUDIA.FULLER@sakilacustomer.org,CLAUDIA,FULLER,54,230.76,left_only
235,JACKIE.LYNCH@sakilacustomer.org,JACKIE,LYNCH,25,93.75,right_only
235,JACKIE.LYNCH@sakilacustomer.org,JACKIE,LYNCH,50,187.5,left_only
236,MARCIA.DEAN@sakilacustomer.org,MARCIA,DEAN,42,175.58,right_only
236,MARCIA.DEAN@sakilacustomer.org,MARCIA,DEAN,84,351.16,left_only
237,TANYA.GILBERT@sakilacustomer.org,TANYA,GILBERT,33,144.67,right_only
237,TANYA.GILBERT@sakilacustomer.org,TANYA,GILBERT,66,289.34,left_only
238,NELLIE.GARRETT@sakilacustomer.org,NELLIE,GARRETT,21,94.79,right_only
238,NELLIE.GARRETT@sakilacustomer.org,NELLIE,GARRETT,42,189.58,left_only
239,MINNIE.ROMERO@sakilacustomer.org,MINNIE,ROMERO,34,142.66,right_only
239,MINNIE.ROMERO@sakilacustomer.org,MINNIE,ROMERO,68,285.32,left_only
240,MARLENE.WELCH@sakilacustomer.org,MARLENE,WELCH,26,117.74,right_only
240,MARLENE.WELCH@sakilacustomer.org,MARLENE,WELCH,52,235.48,left_only
241,HEIDI.LARSON@sakilacustomer.org,HEIDI,LARSON,34,122.66,right_only
241,HEIDI.LARSON@sakilacustomer.org,HEIDI,LARSON,68,245.32,left_only
242,GLENDA.FRAZIER@sakilacustomer.org,GLENDA,FRAZIER,32,140.68,right_only
242,GLENDA.FRAZIER@sakilacustomer.org,GLENDA,FRAZIER,64,281.36,left_only
243,LYDIA.BURKE@sakilacustomer.org,LYDIA,BURKE,24,82.76,right_only
243,LYDIA.BURKE@sakilacustomer.org,LYDIA,BURKE,48,165.52,left_only
244,VIOLA.HANSON@sakilacustomer.org,VIOLA,HANSON,32,129.68,right_only
244,VIOLA.HANSON@sakilacustomer.org,VIOLA,HANSON,64,259.36,left_only
245,COURTNEY.DAY@sakilacustomer.org,COURTNEY,DAY,32,132.68,right_only
245,COURTNEY.DAY@sakilacustomer.org,COURTNEY,DAY,64,265.36,left_only
246,MARIAN.MENDOZA@sakilacustomer.org,MARIAN,MENDOZA,23,107.77,right_only
246,MARIAN.MENDOZA@sakilacustomer.org,MARIAN,MENDOZA,46,215.54,left_only
247,STELLA.MORENO@sakilacustomer.org,STELLA,MORENO,22,104.78,right_only
247,STELLA.MORENO@sakilacustomer.org,STELLA,MORENO,44,209.56,left_only
248,CAROLINE.BOWMAN@sakilacustomer.org,CAROLINE,BOWMAN,15,50.85,right_only
248,CAROLINE.BOWMAN@sakilacustomer.org,CAROLINE,BOWMAN,30,101.7,left_only
249,DORA.MEDINA@sakilacustomer.org,DORA,MEDINA,23,107.77,right_only
249,DORA.MEDINA@sakilacustomer.org,DORA,MEDINA,46,215.54,left_only
250,JO.FOWLER@sakilacustomer.org,JO,FOWLER,20,73.8,right_only
250,JO.FOWLER@sakilacustomer.org,JO,FOWLER,40,147.6,left_only
251,VICKIE.BREWER@sakilacustomer.org,VICKIE,BREWER,31,120.69,right_only
251,VICKIE.BREWER@sakilacustomer.org,VICKIE,BREWER,62,241.38,left_only
252,MATTIE.HOFFMAN@sakilacustomer.org,MATTIE,HOFFMAN,22,64.78,right_only
252,MATTIE.HOFFMAN@sakilacustomer.org,MATTIE,HOFFMAN,44,129.56,left_only
253,TERRY.CARLSON@sakilacustomer.org,TERRY,CARLSON,29,127.71,right_only
253,TERRY.CARLSON@sakilacustomer.org,TERRY,CARLSON,58,255.42,left_only
254,MAXINE.SILVA@sakilacustomer.org,MAXINE,SILVA,32,116.68,right_only
254,MAXINE.SILVA@sakilacustomer.org,MAXINE,SILVA,64,233.36,left_only
255,IRMA.PEARSON@sakilacustomer.org,IRMA,PEARSON,18,70.82,right_only
255,IRMA.PEARSON@sakilacustomer.org,IRMA,PEARSON,36,141.64,left_only
256,MABEL.HOLLAND@sakilacustomer.org,MABEL,HOLLAND,30,112.7,right_only
256,MABEL.HOLLAND@sakilacustomer.org,MABEL,HOLLAND,60,225.4,left_only
257,MARSHA.DOUGLAS@sakilacustomer.org,MARSHA,DOUGLAS,37,151.63,right_only
257,MARSHA.DOUGLAS@sakilacustomer.org,MARSHA,DOUGLAS,74,303.26,left_only
258,MYRTLE.FLEMING@sakilacustomer.org,MYRTLE,FLEMING,24,110.76,right_only
258,MYRTLE.FLEMING@sakilacustomer.org,MYRTLE,FLEMING,48,221.52,left_only
259,LENA.JENSEN@sakilacustomer.org,LENA,JENSEN,32,168.68,right_only
259,LENA.JENSEN@sakilacustomer.org,LENA,JENSEN,64,337.36,left_only
260,CHRISTY.VARGAS@sakilacustomer.org,CHRISTY,VARGAS,31,122.69,right_only
260,CHRISTY.VARGAS@sakilacustomer.org,CHRISTY,VARGAS,62,245.38,left_only
261,DEANNA.BYRD@sakilacustomer.org,DEANNA,BYRD,27,111.41,right_only
261,DEANNA.BYRD@sakilacustomer.org,DEANNA,BYRD,54,222.82,left_only
262,PATSY.DAVIDSON@sakilacustomer.org,PATSY,DAVIDSON,28,119.72,right_only
262,PATSY.DAVIDSON@sakilacustomer.org,PATSY,DAVIDSON,56,239.44,left_only
263,HILDA.HOPKINS@sakilacustomer.org,HILDA,HOPKINS,29,122.71,right_only
263,HILDA.HOPKINS@sakilacustomer.org,HILDA,HOPKINS,58,245.42,left_only
264,GWENDOLYN.MAY@sakilacustomer.org,GWENDOLYN,MAY,25,98.75,right_only
264,GWENDOLYN.MAY@sakilacustomer.org,GWENDOLYN,MAY,50,197.5,left_only
265,JENNIE.TERRY@sakilacustomer.org,JENNIE,TERRY,29,133.71,right_only
265,JENNIE.TERRY@sakilacustomer.org,JENNIE,TERRY,58,267.42,left_only
266,NORA.HERRERA@sakilacustomer.org,NORA,HERRERA,28,118.72,right_only
266,NORA.HERRERA@sakilacustomer.org,NORA,HERRERA,56,237.44,left_only
267,MARGIE.WADE@sakilacustomer.org,MARGIE,WADE,36,159.64,right_only
267,MARGIE.WADE@sakilacustomer.org,MARGIE,WADE,72,319.28,left_only
268,NINA.SOTO@sakilacustomer.org,NINA,SOTO,29,123.71,right_only
268,NINA.SOTO@sakilacustomer.org,NINA,SOTO,58,247.42,left_only
269,CASSANDRA.WALTERS@sakilacustomer.org,CASSANDRA,WALTERS,30,129.7,right_only
269,CASSANDRA.WALTERS@sakilacustomer.org,CASSANDRA,WALTERS,60,259.4,left_only
270,LEAH.CURTIS@sakilacustomer.org,LEAH,CURTIS,25,104.75,right_only
270,LEAH.CURTIS@sakilacustomer.org,LEAH,CURTIS,50,209.5,left_only
271,PENNY.NEAL@sakilacustomer.org,PENNY,NEAL,18,68.82,right_only
271,PENNY.NEAL@sakilacustomer.org,PENNY,NEAL,36,137.64,left_only
272,KAY.CALDWELL@sakilacustomer.org,KAY,CALDWELL,20,98.8,right_only
272,KAY.CALDWELL@sakilacustomer.org,KAY,CALDWELL,40,197.6,left_only
273,PRISCILLA.LOWE@sakilacustomer.org,PRISCILLA,LOWE,35,157.65,right_only
273,PRISCILLA.LOWE@sakilacustomer.org,PRISCILLA,LOWE,70,315.3,left_only
274,NAOMI.JENNINGS@sakilacustomer.org,NAOMI,JENNINGS,36,155.73,right_only
274,NAOMI.JENNINGS@sakilacustomer.org,NAOMI,JENNINGS,72,311.46,left_only
275,CAROLE.BARNETT@sakilacustomer.org,CAROLE,BARNETT,30,108.7,right_only
275,CAROLE.BARNETT@sakilacustomer.org,CAROLE,BARNETT,60,217.4,left_only
276,BRANDY.GRAVES@sakilacustomer.org,BRANDY,GRAVES,28,122.72,right_only
276,BRANDY.GRAVES@sakilacustomer.org,BRANDY,GRAVES,56,245.44,left_only
277,OLGA.JIMENEZ@sakilacustomer.org,OLGA,JIMENEZ,32,144.68,right_only
277,OLGA.JIMENEZ@sakilacustomer.org,OLGA,JIMENEZ,64,289.36,left_only
278,BILLIE.HORTON@sakilacustomer.org,BILLIE,HORTON,26,88.74,right_only
278,BILLIE.HORTON@sakilacustomer.org,BILLIE,HORTON,52,177.48,left_only
279,DIANNE.SHELTON@sakilacustomer.org,DIANNE,SHELTON,31,135.69,right_only
279,DIANNE.SHELTON@sakilacustomer.org,DIANNE,SHELTON,62,271.38,left_only
280,TRACEY.BARRETT@sakilacustomer.org,TRACEY,BARRETT,27,118.73,right_only
280,TRACEY.BARRETT@sakilacustomer.org,TRACEY,BARRETT,54,237.46,left_only
281,LEONA.OBRIEN@sakilacustomer.org,LEONA,OBRIEN,14,50.86,right_only
281,LEONA.OBRIEN@sakilacustomer.org,LEONA,OBRIEN,28,101.72,left_only
282,JENNY.CASTRO@sakilacustomer.org,JENNY,CASTRO,27,103.73,right_only
282,JENNY.CASTRO@sakilacustomer.org,JENNY,CASTRO,54,207.46,left_only
283,FELICIA.SUTTON@sakilacustomer.org,FELICIA,SUTTON,28,86.72,right_only
283,FELICIA.SUTTON@sakilacustomer.org,FELICIA,SUTTON,56,173.44,left_only
284,SONIA.GREGORY@sakilacustomer.org,SONIA,GREGORY,28,126.72,right_only
284,SONIA.GREGORY@sakilacustomer.org,SONIA,GREGORY,56,253.44,left_only
285,MIRIAM.MCKINNEY@sakilacustomer.org,MIRIAM,MCKINNEY,26,135.74,right_only
285,MIRIAM.MCKINNEY@sakilacustomer.org,MIRIAM,MCKINNEY,52,271.48,left_only
286,VELMA.LUCAS@sakilacustomer.org,VELMA,LUCAS,27,117.73,right_only
286,VELMA.LUCAS@sakilacustomer.org,VELMA,LUCAS,54,235.46,left_only
287,BECKY.MILES@sakilacustomer.org,BECKY,MILES,29,115.71,right_only
287,BECKY.MILES@sakilacustomer.org,BECKY,MILES,58,231.42,left_only
288,BOBBIE.CRAIG@sakilacustomer.org,BOBBIE,CRAIG,24,80.76,right_only
288,BOBBIE.CRAIG@sakilacustomer.org,BOBBIE,CRAIG,48,161.52,left_only
289,VIOLET.RODRIQUEZ@sakilacustomer.org,VIOLET,RODRIQUEZ,30,142.7,right_only
289,VIOLET.RODRIQUEZ@sakilacustomer.org,VIOLET,RODRIQUEZ,60,285.4,left_only
290,KRISTINA.CHAMBERS@sakilacustomer.org,KRISTINA,CHAMBERS,28,109.72,right_only
290,KRISTINA.CHAMBERS@sakilacustomer.org,KRISTINA,CHAMBERS,56,219.44,left_only
291,TONI.HOLT@sakilacustomer.org,TONI,HOLT,23,95.77,right_only
291,TONI.HOLT@sakilacustomer.org,TONI,HOLT,46,191.54,left_only
292,MISTY.LAMBERT@sakilacustomer.org,MISTY,LAMBERT,27,118.73,right_only
292,MISTY.LAMBERT@sakilacustomer.org,MISTY,LAMBERT,54,237.46,left_only
293,MAE.FLETCHER@sakilacustomer.org,MAE,FLETCHER,31,158.69,right_only
293,MAE.FLETCHER@sakilacustomer.org,MAE,FLETCHER,62,317.38,left_only
294,SHELLY.WATTS@sakilacustomer.org,SHELLY,WATTS,26,113.74,right_only
294,SHELLY.WATTS@sakilacustomer.org,SHELLY,WATTS,52,227.48,left_only
295,DAISY.BATES@sakilacustomer.org,DAISY,BATES,38,162.62,right_only
295,DAISY.BATES@sakilacustomer.org,DAISY,BATES,76,325.24,left_only
296,RAMONA.HALE@sakilacustomer.org,RAMONA,HALE,31,131.88,right_only
296,RAMONA.HALE@sakilacustomer.org,RAMONA,HALE,62,263.76,left_only
297,SHERRI.RHODES@sakilacustomer.org,SHERRI,RHODES,34,129.82,right_only
297,SHERRI.RHODES@sakilacustomer.org,SHERRI,RHODES,68,259.64,left_only
298,ERIKA.PENA@sakilacustomer.org,ERIKA,PENA,26,101.74,right_only
298,ERIKA.PENA@sakilacustomer.org,ERIKA,PENA,52,203.48,left_only
299,JAMES.GANNON@sakilacustomer.org,JAMES,GANNON,30,131.7,right_only
299,JAMES.GANNON@sakilacustomer.org,JAMES,GANNON,60,263.4,left_only
300,JOHN.FARNSWORTH@sakilacustomer.org,JOHN,FARNSWORTH,31,137.69,right_only
300,JOHN.FARNSWORTH@sakilacustomer.org,JOHN,FARNSWORTH,62,275.38,left_only
301,ROBERT.BAUGHMAN@sakilacustomer.org,ROBERT,BAUGHMAN,21,92.79,right_only
301,ROBERT.BAUGHMAN@sakilacustomer.org,ROBERT,BAUGHMAN,42,185.58,left_only
302,MICHAEL.SILVERMAN@sakilacustomer.org,MICHAEL,SILVERMAN,29,127.71,right_only
302,MICHAEL.SILVERMAN@sakilacustomer.org,MICHAEL,SILVERMAN,58,255.42,left_only
303,WILLIAM.SATTERFIELD@sakilacustomer.org,WILLIAM,SATTERFIELD,26,100.74,right_only
303,WILLIAM.SATTERFIELD@sakilacustomer.org,WILLIAM,SATTERFIELD,52,201.48,left_only
304,DAVID.ROYAL@sakilacustomer.org,DAVID,ROYAL,26,115.74,right_only
304,DAVID.ROYAL@sakilacustomer.org,DAVID,ROYAL,52,231.48,left_only
305,RICHARD.MCCRARY@sakilacustomer.org,RICHARD,MCCRARY,25,109.75,right_only
305,RICHARD.MCCRARY@sakilacustomer.org,RICHARD,MCCRARY,50,219.5,left_only
306,CHARLES.KOWALSKI@sakilacustomer.org,CHARLES,KOWALSKI,32,138.68,right_only
306,CHARLES.KOWALSKI@sakilacustomer.org,CHARLES,KOWALSKI,64,277.36,left_only
307,JOSEPH.JOY@sakilacustomer.org,JOSEPH,JOY,30,134.7,right_only
307,JOSEPH.JOY@sakilacustomer.org,JOSEPH,JOY,60,269.4,left_only
308,THOMAS.GRIGSBY@sakilacustomer.org,THOMAS,GRIGSBY,25,105.75,right_only
308,THOMAS.GRIGSBY@sakilacustomer.org,THOMAS,GRIGSBY,50,211.5,left_only
309,CHRISTOPHER.GRECO@sakilacustomer.org,CHRISTOPHER,GRECO,31,147.69,right_only
309,CHRISTOPHER.GRECO@sakilacustomer.org,CHRISTOPHER,GRECO,62,295.38,left_only
310,DANIEL.CABRAL@sakilacustomer.org,DANIEL,CABRAL,20,97.8,right_only
310,DANIEL.CABRAL@sakilacustomer.org,DANIEL,CABRAL,40,195.6,left_only
311,PAUL.TROUT@sakilacustomer.org,PAUL,TROUT,23,120.77,right_only
311,PAUL.TROUT@sakilacustomer.org,PAUL,TROUT,46,241.54,left_only
312,MARK.RINEHART@sakilacustomer.org,MARK,RINEHART,26,104.74,right_only
312,MARK.RINEHART@sakilacustomer.org,MARK,RINEHART,52,209.48,left_only
313,DONALD.MAHON@sakilacustomer.org,DONALD,MAHON,23,89.77,right_only
313,DONALD.MAHON@sakilacustomer.org,DONALD,MAHON,46,179.54,left_only
314,GEORGE.LINTON@sakilacustomer.org,GEORGE,LINTON,33,131.67,right_only
314,GEORGE.LINTON@sakilacustomer.org,GEORGE,LINTON,66,263.34,left_only
315,KENNETH.GOODEN@sakilacustomer.org,KENNETH,GOODEN,17,84.83,right_only
315,KENNETH.GOODEN@sakilacustomer.org,KENNETH,GOODEN,34,169.66,left_only
316,STEVEN.CURLEY@sakilacustomer.org,STEVEN,CURLEY,29,132.71,right_only
316,STEVEN.CURLEY@sakilacustomer.org,STEVEN,CURLEY,58,265.42,left_only
317,EDWARD.BAUGH@sakilacustomer.org,EDWARD,BAUGH,28,114.72,right_only
317,EDWARD.BAUGH@sakilacustomer.org,EDWARD,BAUGH,56,229.44,left_only
318,BRIAN.WYMAN@sakilacustomer.org,BRIAN,WYMAN,12,52.88,right_only
318,BRIAN.WYMAN@sakilacustomer.org,BRIAN,WYMAN,24,105.76,left_only
319,RONALD.WEINER@sakilacustomer.org,RONALD,WEINER,31,136.05,right_only
319,RONALD.WEINER@sakilacustomer.org,RONALD,WEINER,62,272.1,left_only
320,ANTHONY.SCHWAB@sakilacustomer.org,ANTHONY,SCHWAB,21,76.69,right_only
320,ANTHONY.SCHWAB@sakilacustomer.org,ANTHONY,SCHWAB,42,153.38,left_only
321,KEVIN.SCHULER@sakilacustomer.org,KEVIN,SCHULER,22,116.78,right_only
321,KEVIN.SCHULER@sakilacustomer.org,KEVIN,SCHULER,44,233.56,left_only
322,JASON.MORRISSEY@sakilacustomer.org,JASON,MORRISSEY,28,128.72,right_only
322,JASON.MORRISSEY@sakilacustomer.org,JASON,MORRISSEY,56,257.44,left_only
323,MATTHEW.MAHAN@sakilacustomer.org,MATTHEW,MAHAN,31,114.69,right_only
323,MATTHEW.MAHAN@sakilacustomer.org,MATTHEW,MAHAN,62,229.38,left_only
324,GARY.COY@sakilacustomer.org,GARY,COY,25,103.75,right_only
324,GARY.COY@sakilacustomer.org,GARY,COY,50,207.5,left_only
325,TIMOTHY.BUNN@sakilacustomer.org,TIMOTHY,BUNN,22,91.78,right_only
325,TIMOTHY.BUNN@sakilacustomer.org,TIMOTHY,BUNN,44,183.56,left_only
326,JOSE.ANDREW@sakilacustomer.org,JOSE,ANDREW,25,96.75,right_only
326,JOSE.ANDREW@sakilacustomer.org,JOSE,ANDREW,50,193.5,left_only
327,LARRY.THRASHER@sakilacustomer.org,LARRY,THRASHER,26,112.74,right_only
327,LARRY.THRASHER@sakilacustomer.org,LARRY,THRASHER,52,225.48,left_only
328,JEFFREY.SPEAR@sakilacustomer.org,JEFFREY,SPEAR,23,90.77,right_only
328,JEFFREY.SPEAR@sakilacustomer.org,JEFFREY,SPEAR,46,181.54,left_only
329,FRANK.WAGGONER@sakilacustomer.org,FRANK,WAGGONER,32,127.68,right_only
329,FRANK.WAGGONER@sakilacustomer.org,FRANK,WAGGONER,64,255.36,left_only
330,SCOTT.SHELLEY@sakilacustomer.org,SCOTT,SHELLEY,25,94.75,right_only
330,SCOTT.SHELLEY@sakilacustomer.org,SCOTT,SHELLEY,50,189.5,left_only
331,ERIC.ROBERT@sakilacustomer.org,ERIC,ROBERT,28,124.37,right_only
331,ERIC.ROBERT@sakilacustomer.org,ERIC,ROBERT,56,248.74,left_only
332,STEPHEN.QUALLS@sakilacustomer.org,STEPHEN,QUALLS,28,118.72,right_only
332,STEPHEN.QUALLS@sakilacustomer.org,STEPHEN,QUALLS,56,237.44,left_only
333,ANDREW.PURDY@sakilacustomer.org,ANDREW,PURDY,27,109.73,right_only
333,ANDREW.PURDY@sakilacustomer.org,ANDREW,PURDY,54,219.46,left_only
334,RAYMOND.MCWHORTER@sakilacustomer.org,RAYMOND,MCWHORTER,30,135.7,right_only
334,RAYMOND.MCWHORTER@sakilacustomer.org,RAYMOND,MCWHORTER,60,271.4,left_only
335,GREGORY.MAULDIN@sakilacustomer.org,GREGORY,MAULDIN,23,78.77,right_only
335,GREGORY.MAULDIN@sakilacustomer.org,GREGORY,MAULDIN,46,157.54,left_only
336,JOSHUA.MARK@sakilacustomer.org,JOSHUA,MARK,30,119.7,right_only
336,JOSHUA.MARK@sakilacustomer.org,JOSHUA,MARK,60,239.4,left_only
337,JERRY.JORDON@sakilacustomer.org,JERRY,JORDON,29,143.71,right_only
337,JERRY.JORDON@sakilacustomer.org,JERRY,JORDON,58,287.42,left_only
338,DENNIS.GILMAN@sakilacustomer.org,DENNIS,GILMAN,28,114.72,right_only
338,DENNIS.GILMAN@sakilacustomer.org,DENNIS,GILMAN,56,229.44,left_only
339,WALTER.PERRYMAN@sakilacustomer.org,WALTER,PERRYMAN,30,127.7,right_only
339,WALTER.PERRYMAN@sakilacustomer.org,WALTER,PERRYMAN,60,255.4,left_only
340,PATRICK.NEWSOM@sakilacustomer.org,PATRICK,NEWSOM,31,119.69,right_only
340,PATRICK.NEWSOM@sakilacustomer.org,PATRICK,NEWSOM,62,239.38,left_only
341,PETER.MENARD@sakilacustomer.org,PETER,MENARD,23,106.77,right_only
341,PETER.MENARD@sakilacustomer.org,PETER,MENARD,46,213.54,left_only
342,HAROLD.MARTINO@sakilacustomer.org,HAROLD,MARTINO,32,130.68,right_only
342,HAROLD.MARTINO@sakilacustomer.org,HAROLD,MARTINO,64,261.36,left_only
343,DOUGLAS.GRAF@sakilacustomer.org,DOUGLAS,GRAF,25,114.75,right_only
343,DOUGLAS.GRAF@sakilacustomer.org,DOUGLAS,GRAF,50,229.5,left_only
344,HENRY.BILLINGSLEY@sakilacustomer.org,HENRY,BILLINGSLEY,18,73.82,right_only
344,HENRY.BILLINGSLEY@sakilacustomer.org,HENRY,BILLINGSLEY,36,147.64,left_only
345,CARL.ARTIS@sakilacustomer.org,CARL,ARTIS,23,106.77,right_only
345,CARL.ARTIS@sakilacustomer.org,CARL,ARTIS,46,213.54,left_only
346,ARTHUR.SIMPKINS@sakilacustomer.org,ARTHUR,SIMPKINS,32,155.68,right_only
346,ARTHUR.SIMPKINS@sakilacustomer.org,ARTHUR,SIMPKINS,64,311.36,left_only
347,RYAN.SALISBURY@sakilacustomer.org,RYAN,SALISBURY,30,142.7,right_only
347,RYAN.SALISBURY@sakilacustomer.org,RYAN,SALISBURY,60,285.4,left_only
348,ROGER.QUINTANILLA@sakilacustomer.org,ROGER,QUINTANILLA,36,146.64,right_only
348,ROGER.QUINTANILLA@sakilacustomer.org,ROGER,QUINTANILLA,72,293.28,left_only
349,JOE.GILLILAND@sakilacustomer.org,JOE,GILLILAND,29,138.71,right_only
349,JOE.GILLILAND@sakilacustomer.org,JOE,GILLILAND,58,277.42,left_only
350,JUAN.FRALEY@sakilacustomer.org,JUAN,FRALEY,23,73.77,right_only
350,JUAN.FRALEY@sakilacustomer.org,JUAN,FRALEY,46,147.54,left_only
351,JACK.FOUST@sakilacustomer.org,JACK,FOUST,24,89.76,right_only
351,JACK.FOUST@sakilacustomer.org,JACK,FOUST,48,179.52,left_only
352,ALBERT.CROUSE@sakilacustomer.org,ALBERT,CROUSE,23,99.77,right_only
352,ALBERT.CROUSE@sakilacustomer.org,ALBERT,CROUSE,46,199.54,left_only
353,JONATHAN.SCARBOROUGH@sakilacustomer.org,JONATHAN,SCARBOROUGH,19,74.15,right_only
353,JONATHAN.SCARBOROUGH@sakilacustomer.org,JONATHAN,SCARBOROUGH,38,148.3,left_only
354,JUSTIN.NGO@sakilacustomer.org,JUSTIN,NGO,36,129.64,right_only
354,JUSTIN.NGO@sakilacustomer.org,JUSTIN,NGO,72,259.28,left_only
355,TERRY.GRISSOM@sakilacustomer.org,TERRY,GRISSOM,20,72.8,right_only
355,TERRY.GRISSOM@sakilacustomer.org,TERRY,GRISSOM,40,145.6,left_only
356,GERALD.FULTZ@sakilacustomer.org,GERALD,FULTZ,30,121.7,right_only
356,GERALD.FULTZ@sakilacustomer.org,GERALD,FULTZ,60,243.4,left_only
357,KEITH.RICO@sakilacustomer.org,KEITH,RICO,26,89.74,right_only
357,KEITH.RICO@sakilacustomer.org,KEITH,RICO,52,179.48,left_only
358,SAMUEL.MARLOW@sakilacustomer.org,SAMUEL,MARLOW,21,80.79,right_only
358,SAMUEL.MARLOW@sakilacustomer.org,SAMUEL,MARLOW,42,161.58,left_only
359,WILLIE.MARKHAM@sakilacustomer.org,WILLIE,MARKHAM,25,101.75,right_only
359,WILLIE.MARKHAM@sakilacustomer.org,WILLIE,MARKHAM,50,203.5,left_only
360,RALPH.MADRIGAL@sakilacustomer.org,RALPH,MADRIGAL,34,150.66,right_only
360,RALPH.MADRIGAL@sakilacustomer.org,RALPH,MADRIGAL,68,301.32,left_only
361,LAWRENCE.LAWTON@sakilacustomer.org,LAWRENCE,LAWTON,31,100.69,right_only
361,LAWRENCE.LAWTON@sakilacustomer.org,LAWRENCE,LAWTON,62,201.38,left_only
362,NICHOLAS.BARFIELD@sakilacustomer.org,NICHOLAS,BARFIELD,32,145.68,right_only
362,NICHOLAS.BARFIELD@sakilacustomer.org,NICHOLAS,BARFIELD,64,291.36,left_only
363,ROY.WHITING@sakilacustomer.org,ROY,WHITING,29,143.71,right_only
363,ROY.WHITING@sakilacustomer.org,ROY,WHITING,58,287.42,left_only
364,BENJAMIN.VARNEY@sakilacustomer.org,BENJAMIN,VARNEY,23,95.77,right_only
364,BENJAMIN.VARNEY@sakilacustomer.org,BENJAMIN,VARNEY,46,191.54,left_only
365,BRUCE.SCHWARZ@sakilacustomer.org,BRUCE,SCHWARZ,23,103.77,right_only
365,BRUCE.SCHWARZ@sakilacustomer.org,BRUCE,SCHWARZ,46,207.54,left_only
366,BRANDON.HUEY@sakilacustomer.org,BRANDON,HUEY,37,152.63,right_only
366,BRANDON.HUEY@sakilacustomer.org,BRANDON,HUEY,74,305.26,left_only
367,ADAM.GOOCH@sakilacustomer.org,ADAM,GOOCH,22,101.78,right_only
367,ADAM.GOOCH@sakilacustomer.org,ADAM,GOOCH,44,203.56,left_only
368,HARRY.ARCE@sakilacustomer.org,HARRY,ARCE,35,157.65,right_only
368,HARRY.ARCE@sakilacustomer.org,HARRY,ARCE,70,315.3,left_only
369,FRED.WHEAT@sakilacustomer.org,FRED,WHEAT,25,88.75,right_only
369,FRED.WHEAT@sakilacustomer.org,FRED,WHEAT,50,177.5,left_only
370,WAYNE.TRUONG@sakilacustomer.org,WAYNE,TRUONG,19,70.81,right_only
370,WAYNE.TRUONG@sakilacustomer.org,WAYNE,TRUONG,38,141.62,left_only
371,BILLY.POULIN@sakilacustomer.org,BILLY,POULIN,35,149.65,right_only
371,BILLY.POULIN@sakilacustomer.org,BILLY,POULIN,70,299.3,left_only
372,STEVE.MACKENZIE@sakilacustomer.org,STEVE,MACKENZIE,34,158.66,right_only
372,STEVE.MACKENZIE@sakilacustomer.org,STEVE,MACKENZIE,68,317.32,left_only
373,LOUIS.LEONE@sakilacustomer.org,LOUIS,LEONE,35,161.65,right_only
373,LOUIS.LEONE@sakilacustomer.org,LOUIS,LEONE,70,323.3,left_only
374,JEREMY.HURTADO@sakilacustomer.org,JEREMY,HURTADO,28,103.72,right_only
374,JEREMY.HURTADO@sakilacustomer.org,JEREMY,HURTADO,56,207.44,left_only
375,AARON.SELBY@sakilacustomer.org,AARON,SELBY,24,110.76,right_only
375,AARON.SELBY@sakilacustomer.org,AARON,SELBY,48,221.52,left_only
376,RANDY.GAITHER@sakilacustomer.org,RANDY,GAITHER,29,113.7,right_only
376,RANDY.GAITHER@sakilacustomer.org,RANDY,GAITHER,58,227.4,left_only
377,HOWARD.FORTNER@sakilacustomer.org,HOWARD,FORTNER,26,93.74,right_only
377,HOWARD.FORTNER@sakilacustomer.org,HOWARD,FORTNER,52,187.48,left_only
378,EUGENE.CULPEPPER@sakilacustomer.org,EUGENE,CULPEPPER,19,71.81,right_only
378,EUGENE.CULPEPPER@sakilacustomer.org,EUGENE,CULPEPPER,38,143.62,left_only
379,CARLOS.COUGHLIN@sakilacustomer.org,CARLOS,COUGHLIN,23,106.77,right_only
379,CARLOS.COUGHLIN@sakilacustomer.org,CARLOS,COUGHLIN,46,213.54,left_only
380,RUSSELL.BRINSON@sakilacustomer.org,RUSSELL,BRINSON,37,141.63,right_only
380,RUSSELL.BRINSON@sakilacustomer.org,RUSSELL,BRINSON,74,283.26,left_only
381,BOBBY.BOUDREAU@sakilacustomer.org,BOBBY,BOUDREAU,35,106.65,right_only
381,BOBBY.BOUDREAU@sakilacustomer.org,BOBBY,BOUDREAU,70,213.3,left_only
382,VICTOR.BARKLEY@sakilacustomer.org,VICTOR,BARKLEY,25,95.67,right_only
382,VICTOR.BARKLEY@sakilacustomer.org,VICTOR,BARKLEY,50,191.34,left_only
383,MARTIN.BALES@sakilacustomer.org,MARTIN,BALES,27,103.73,right_only
383,MARTIN.BALES@sakilacustomer.org,MARTIN,BALES,54,207.46,left_only
384,ERNEST.STEPP@sakilacustomer.org,ERNEST,STEPP,25,89.75,right_only
384,ERNEST.STEPP@sakilacustomer.org,ERNEST,STEPP,50,179.5,left_only
385,PHILLIP.HOLM@sakilacustomer.org,PHILLIP,HOLM,26,101.74,right_only
385,PHILLIP.HOLM@sakilacustomer.org,PHILLIP,HOLM,52,203.48,left_only
386,TODD.TAN@sakilacustomer.org,TODD,TAN,29,117.71,right_only
386,TODD.TAN@sakilacustomer.org,TODD,TAN,58,235.42,left_only
387,JESSE.SCHILLING@sakilacustomer.org,JESSE,SCHILLING,26,101.74,right_only
387,JESSE.SCHILLING@sakilacustomer.org,JESSE,SCHILLING,52,203.48,left_only
388,CRAIG.MORRELL@sakilacustomer.org,CRAIG,MORRELL,30,124.7,right_only
388,CRAIG.MORRELL@sakilacustomer.org,CRAIG,MORRELL,60,249.4,left_only
389,ALAN.KAHN@sakilacustomer.org,ALAN,KAHN,26,124.74,right_only
389,ALAN.KAHN@sakilacustomer.org,ALAN,KAHN,52,249.48,left_only
390,SHAWN.HEATON@sakilacustomer.org,SHAWN,HEATON,33,152.67,right_only
390,SHAWN.HEATON@sakilacustomer.org,SHAWN,HEATON,66,305.34,left_only
391,CLARENCE.GAMEZ@sakilacustomer.org,CLARENCE,GAMEZ,30,104.7,right_only
391,CLARENCE.GAMEZ@sakilacustomer.org,CLARENCE,GAMEZ,60,209.4,left_only
392,SEAN.DOUGLASS@sakilacustomer.org,SEAN,DOUGLASS,23,91.77,right_only
392,SEAN.DOUGLASS@sakilacustomer.org,SEAN,DOUGLASS,46,183.54,left_only
393,PHILIP.CAUSEY@sakilacustomer.org,PHILIP,CAUSEY,31,121.69,right_only
393,PHILIP.CAUSEY@sakilacustomer.org,PHILIP,CAUSEY,62,243.38,left_only
394,CHRIS.BROTHERS@sakilacustomer.org,CHRIS,BROTHERS,22,84.78,right_only
394,CHRIS.BROTHERS@sakilacustomer.org,CHRIS,BROTHERS,44,169.56,left_only
395,JOHNNY.TURPIN@sakilacustomer.org,JOHNNY,TURPIN,19,57.81,right_only
395,JOHNNY.TURPIN@sakilacustomer.org,JOHNNY,TURPIN,38,115.62,left_only
396,EARL.SHANKS@sakilacustomer.org,EARL,SHANKS,27,111.73,right_only
396,EARL.SHANKS@sakilacustomer.org,EARL,SHANKS,54,223.46,left_only
397,JIMMY.SCHRADER@sakilacustomer.org,JIMMY,SCHRADER,29,105.71,right_only
397,JIMMY.SCHRADER@sakilacustomer.org,JIMMY,SCHRADER,58,211.42,left_only
398,ANTONIO.MEEK@sakilacustomer.org,ANTONIO,MEEK,16,78.84,right_only
398,ANTONIO.MEEK@sakilacustomer.org,ANTONIO,MEEK,32,157.68,left_only
399,DANNY.ISOM@sakilacustomer.org,DANNY,ISOM,21,91.79,right_only
399,DANNY.ISOM@sakilacustomer.org,DANNY,ISOM,42,183.58,left_only
400,BRYAN.HARDISON@sakilacustomer.org,BRYAN,HARDISON,28,124.72,right_only
400,BRYAN.HARDISON@sakilacustomer.org,BRYAN,HARDISON,56,249.44,left_only
401,TONY.CARRANZA@sakilacustomer.org,TONY,CARRANZA,21,73.79,right_only
401,TONY.CARRANZA@sakilacustomer.org,TONY,CARRANZA,42,147.58,left_only
402,LUIS.YANEZ@sakilacustomer.org,LUIS,YANEZ,20,79.8,right_only
402,LUIS.YANEZ@sakilacustomer.org,LUIS,YANEZ,40,159.6,left_only
403,MIKE.WAY@sakilacustomer.org,MIKE,WAY,35,166.65,right_only
403,MIKE.WAY@sakilacustomer.org,MIKE,WAY,70,333.3,left_only
404,STANLEY.SCROGGINS@sakilacustomer.org,STANLEY,SCROGGINS,30,139.7,right_only
404,STANLEY.SCROGGINS@sakilacustomer.org,STANLEY,SCROGGINS,60,279.4,left_only
405,LEONARD.SCHOFIELD@sakilacustomer.org,LEONARD,SCHOFIELD,32,109.68,right_only
405,LEONARD.SCHOFIELD@sakilacustomer.org,LEONARD,SCHOFIELD,64,219.36,left_only
406,NATHAN.RUNYON@sakilacustomer.org,NATHAN,RUNYON,33,127.39,right_only
406,NATHAN.RUNYON@sakilacustomer.org,NATHAN,RUNYON,66,254.78,left_only
407,DALE.RATCLIFF@sakilacustomer.org,DALE,RATCLIFF,27,112.73,right_only
407,DALE.RATCLIFF@sakilacustomer.org,DALE,RATCLIFF,54,225.46,left_only
408,MANUEL.MURRELL@sakilacustomer.org,MANUEL,MURRELL,30,116.7,right_only
408,MANUEL.MURRELL@sakilacustomer.org,MANUEL,MURRELL,60,233.4,left_only
409,RODNEY.MOELLER@sakilacustomer.org,RODNEY,MOELLER,23,104.77,right_only
409,RODNEY.MOELLER@sakilacustomer.org,RODNEY,MOELLER,46,209.54,left_only
410,CURTIS.IRBY@sakilacustomer.org,CURTIS,IRBY,38,167.62,right_only
410,CURTIS.IRBY@sakilacustomer.org,CURTIS,IRBY,76,335.24,left_only
411,NORMAN.CURRIER@sakilacustomer.org,NORMAN,CURRIER,26,80.74,right_only
411,NORMAN.CURRIER@sakilacustomer.org,NORMAN,CURRIER,52,161.48,left_only
412,ALLEN.BUTTERFIELD@sakilacustomer.org,ALLEN,BUTTERFIELD,21,85.79,right_only
412,ALLEN.BUTTERFIELD@sakilacustomer.org,ALLEN,BUTTERFIELD,42,171.58,left_only
413,MARVIN.YEE@sakilacustomer.org,MARVIN,YEE,21,75.79,right_only
413,MARVIN.YEE@sakilacustomer.org,MARVIN,YEE,42,151.58,left_only
414,VINCENT.RALSTON@sakilacustomer.org,VINCENT,RALSTON,25,105.75,right_only
414,VINCENT.RALSTON@sakilacustomer.org,VINCENT,RALSTON,50,211.5,left_only
415,GLENN.PULLEN@sakilacustomer.org,GLENN,PULLEN,23,93.77,right_only
415,GLENN.PULLEN@sakilacustomer.org,GLENN,PULLEN,46,187.54,left_only
416,JEFFERY.PINSON@sakilacustomer.org,JEFFERY,PINSON,31,121.69,right_only
416,JEFFERY.PINSON@sakilacustomer.org,JEFFERY,PINSON,62,243.38,left_only
417,TRAVIS.ESTEP@sakilacustomer.org,TRAVIS,ESTEP,25,110.75,right_only
417,TRAVIS.ESTEP@sakilacustomer.org,TRAVIS,ESTEP,50,221.5,left_only
418,JEFF.EAST@sakilacustomer.org,JEFF,EAST,30,107.7,right_only
418,JEFF.EAST@sakilacustomer.org,JEFF,EAST,60,215.4,left_only
419,CHAD.CARBONE@sakilacustomer.org,CHAD,CARBONE,25,89.75,right_only
419,CHAD.CARBONE@sakilacustomer.org,CHAD,CARBONE,50,179.5,left_only
420,JACOB.LANCE@sakilacustomer.org,JACOB,LANCE,21,79.79,right_only
420,JACOB.LANCE@sakilacustomer.org,JACOB,LANCE,42,159.58,left_only
421,LEE.HAWKS@sakilacustomer.org,LEE,HAWKS,27,119.73,right_only
421,LEE.HAWKS@sakilacustomer.org,LEE,HAWKS,54,239.46,left_only
422,MELVIN.ELLINGTON@sakilacustomer.org,MELVIN,ELLINGTON,26,97.74,right_only
422,MELVIN.ELLINGTON@sakilacustomer.org,MELVIN,ELLINGTON,52,195.48,left_only
423,ALFRED.CASILLAS@sakilacustomer.org,ALFRED,CASILLAS,26,120.74,right_only
423,ALFRED.CASILLAS@sakilacustomer.org,ALFRED,CASILLAS,52,241.48,left_only
424,KYLE.SPURLOCK@sakilacustomer.org,KYLE,SPURLOCK,30,110.7,right_only
424,KYLE.SPURLOCK@sakilacustomer.org,KYLE,SPURLOCK,60,221.4,left_only
425,FRANCIS.SIKES@sakilacustomer.org,FRANCIS,SIKES,26,104.74,right_only
425,FRANCIS.SIKES@sakilacustomer.org,FRANCIS,SIKES,52,209.48,left_only
426,BRADLEY.MOTLEY@sakilacustomer.org,BRADLEY,MOTLEY,27,126.73,right_only
426,BRADLEY.MOTLEY@sakilacustomer.org,BRADLEY,MOTLEY,54,253.46,left_only
427,JESUS.MCCARTNEY@sakilacustomer.org,JESUS,MCCARTNEY,24,114.76,right_only
427,JESUS.MCCARTNEY@sakilacustomer.org,JESUS,MCCARTNEY,48,229.52,left_only
428,HERBERT.KRUGER@sakilacustomer.org,HERBERT,KRUGER,21,82.95,right_only
428,HERBERT.KRUGER@sakilacustomer.org,HERBERT,KRUGER,42,165.9,left_only
429,FREDERICK.ISBELL@sakilacustomer.org,FREDERICK,ISBELL,21,105.79,right_only
429,FREDERICK.ISBELL@sakilacustomer.org,FREDERICK,ISBELL,42,211.58,left_only
430,RAY.HOULE@sakilacustomer.org,RAY,HOULE,22,79.78,right_only
430,RAY.HOULE@sakilacustomer.org,RAY,HOULE,44,159.56,left_only
431,JOEL.FRANCISCO@sakilacustomer.org,JOEL,FRANCISCO,23,95.77,right_only
431,JOEL.FRANCISCO@sakilacustomer.org,JOEL,FRANCISCO,46,191.54,left_only
432,EDWIN.BURK@sakilacustomer.org,EDWIN,BURK,23,116.77,right_only
432,EDWIN.BURK@sakilacustomer.org,EDWIN,BURK,46,233.54,left_only
433,DON.BONE@sakilacustomer.org,DON,BONE,25,133.75,right_only
433,DON.BONE@sakilacustomer.org,DON,BONE,50,267.5,left_only
434,EDDIE.TOMLIN@sakilacustomer.org,EDDIE,TOMLIN,27,128.73,right_only
434,EDDIE.TOMLIN@sakilacustomer.org,EDDIE,TOMLIN,54,257.46,left_only
435,RICKY.SHELBY@sakilacustomer.org,RICKY,SHELBY,25,91.75,right_only
435,RICKY.SHELBY@sakilacustomer.org,RICKY,SHELBY,50,183.5,left_only
436,TROY.QUIGLEY@sakilacustomer.org,TROY,QUIGLEY,30,144.7,right_only
436,TROY.QUIGLEY@sakilacustomer.org,TROY,QUIGLEY,60,289.4,left_only
437,RANDALL.NEUMANN@sakilacustomer.org,RANDALL,NEUMANN,23,99.77,right_only
437,RANDALL.NEUMANN@sakilacustomer.org,RANDALL,NEUMANN,46,199.54,left_only
438,BARRY.LOVELACE@sakilacustomer.org,BARRY,LOVELACE,33,134.67,right_only
438,BARRY.LOVELACE@sakilacustomer.org,BARRY,LOVELACE,66,269.34,left_only
439,ALEXANDER.FENNELL@sakilacustomer.org,ALEXANDER,FENNELL,36,151.64,right_only
439,ALEXANDER.FENNELL@sakilacustomer.org,ALEXANDER,FENNELL,72,303.28,left_only
440,BERNARD.COLBY@sakilacustomer.org,BERNARD,COLBY,23,90.06,right_only
440,BERNARD.COLBY@sakilacustomer.org,BERNARD,COLBY,46,180.12,left_only
441,MARIO.CHEATHAM@sakilacustomer.org,MARIO,CHEATHAM,28,112.72,right_only
441,MARIO.CHEATHAM@sakilacustomer.org,MARIO,CHEATHAM,56,225.44,left_only
442,LEROY.BUSTAMANTE@sakilacustomer.org,LEROY,BUSTAMANTE,32,118.68,right_only
442,LEROY.BUSTAMANTE@sakilacustomer.org,LEROY,BUSTAMANTE,64,237.36,left_only
443,FRANCISCO.SKIDMORE@sakilacustomer.org,FRANCISCO,SKIDMORE,22,98.78,right_only
443,FRANCISCO.SKIDMORE@sakilacustomer.org,FRANCISCO,SKIDMORE,44,197.56,left_only
444,MARCUS.HIDALGO@sakilacustomer.org,MARCUS,HIDALGO,30,115.7,right_only
444,MARCUS.HIDALGO@sakilacustomer.org,MARCUS,HIDALGO,60,231.4,left_only
445,MICHEAL.FORMAN@sakilacustomer.org,MICHEAL,FORMAN,26,102.74,right_only
445,MICHEAL.FORMAN@sakilacustomer.org,MICHEAL,FORMAN,52,205.48,left_only
446,THEODORE.CULP@sakilacustomer.org,THEODORE,CULP,31,116.69,right_only
446,THEODORE.CULP@sakilacustomer.org,THEODORE,CULP,62,233.38,left_only
447,CLIFFORD.BOWENS@sakilacustomer.org,CLIFFORD,BOWENS,29,113.71,right_only
447,CLIFFORD.BOWENS@sakilacustomer.org,CLIFFORD,BOWENS,58,227.42,left_only
448,MIGUEL.BETANCOURT@sakilacustomer.org,MIGUEL,BETANCOURT,29,135.71,right_only
448,MIGUEL.BETANCOURT@sakilacustomer.org,MIGUEL,BETANCOURT,58,271.42,left_only
449,OSCAR.AQUINO@sakilacustomer.org,OSCAR,AQUINO,20,99.8,right_only
449,OSCAR.AQUINO@sakilacustomer.org,OSCAR,AQUINO,40,199.6,left_only
450,JAY.ROBB@sakilacustomer.org,JAY,ROBB,27,92.68,right_only
450,JAY.ROBB@sakilacustomer.org,JAY,ROBB,54,185.36,left_only
451,JIM.REA@sakilacustomer.org,JIM,REA,33,128.67,right_only
451,JIM.REA@sakilacustomer.org,JIM,REA,66,257.34,left_only
452,TOM.MILNER@sakilacustomer.org,TOM,MILNER,32,107.68,right_only
452,TOM.MILNER@sakilacustomer.org,TOM,MILNER,64,215.36,left_only
453,CALVIN.MARTEL@sakilacustomer.org,CALVIN,MARTEL,23,111.77,right_only
453,CALVIN.MARTEL@sakilacustomer.org,CALVIN,MARTEL,46,223.54,left_only
454,ALEX.GRESHAM@sakilacustomer.org,ALEX,GRESHAM,33,151.67,right_only
454,ALEX.GRESHAM@sakilacustomer.org,ALEX,GRESHAM,66,303.34,left_only
455,JON.WILES@sakilacustomer.org,JON,WILES,24,87.76,right_only
455,JON.WILES@sakilacustomer.org,JON,WILES,48,175.52,left_only
456,RONNIE.RICKETTS@sakilacustomer.org,RONNIE,RICKETTS,25,100.75,right_only
456,RONNIE.RICKETTS@sakilacustomer.org,RONNIE,RICKETTS,50,201.5,left_only
457,BILL.GAVIN@sakilacustomer.org,BILL,GAVIN,28,114.72,right_only
457,BILL.GAVIN@sakilacustomer.org,BILL,GAVIN,56,229.44,left_only
458,LLOYD.DOWD@sakilacustomer.org,LLOYD,DOWD,19,66.81,right_only
458,LLOYD.DOWD@sakilacustomer.org,LLOYD,DOWD,38,133.62,left_only
459,TOMMY.COLLAZO@sakilacustomer.org,TOMMY,COLLAZO,38,186.62,right_only
459,TOMMY.COLLAZO@sakilacustomer.org,TOMMY,COLLAZO,76,373.24,left_only
460,LEON.BOSTIC@sakilacustomer.org,LEON,BOSTIC,25,109.75,right_only
460,LEON.BOSTIC@sakilacustomer.org,LEON,BOSTIC,50,219.5,left_only
461,DEREK.BLAKELY@sakilacustomer.org,DEREK,BLAKELY,28,97.72,right_only
461,DEREK.BLAKELY@sakilacustomer.org,DEREK,BLAKELY,56,195.44,left_only
462,WARREN.SHERROD@sakilacustomer.org,WARREN,SHERROD,33,159.67,right_only
462,WARREN.SHERROD@sakilacustomer.org,WARREN,SHERROD,66,319.34,left_only
463,DARRELL.POWER@sakilacustomer.org,DARRELL,POWER,26,96.38,right_only
463,DARRELL.POWER@sakilacustomer.org,DARRELL,POWER,52,192.76,left_only
464,JEROME.KENYON@sakilacustomer.org,JEROME,KENYON,16,73.84,right_only
464,JEROME.KENYON@sakilacustomer.org,JEROME,KENYON,32,147.68,left_only
465,FLOYD.GANDY@sakilacustomer.org,FLOYD,GANDY,17,69.83,right_only
465,FLOYD.GANDY@sakilacustomer.org,FLOYD,GANDY,34,139.66,left_only
466,LEO.EBERT@sakilacustomer.org,LEO,EBERT,23,104.77,right_only
466,LEO.EBERT@sakilacustomer.org,LEO,EBERT,46,209.54,left_only
467,ALVIN.DELOACH@sakilacustomer.org,ALVIN,DELOACH,29,139.71,right_only
467,ALVIN.DELOACH@sakilacustomer.org,ALVIN,DELOACH,58,279.42,left_only
468,TIM.CARY@sakilacustomer.org,TIM,CARY,39,175.61,right_only
468,TIM.CARY@sakilacustomer.org,TIM,CARY,78,351.22,left_only
469,WESLEY.BULL@sakilacustomer.org,WESLEY,BULL,40,177.6,right_only
469,WESLEY.BULL@sakilacustomer.org,WESLEY,BULL,80,355.2,left_only
470,GORDON.ALLARD@sakilacustomer.org,GORDON,ALLARD,32,160.68,right_only
470,GORDON.ALLARD@sakilacustomer.org,GORDON,ALLARD,64,321.36,left_only
471,DEAN.SAUER@sakilacustomer.org,DEAN,SAUER,27,109.73,right_only
471,DEAN.SAUER@sakilacustomer.org,DEAN,SAUER,54,219.46,left_only
472,GREG.ROBINS@sakilacustomer.org,GREG,ROBINS,30,141.7,right_only
472,GREG.ROBINS@sakilacustomer.org,GREG,ROBINS,60,283.4,left_only
473,JORGE.OLIVARES@sakilacustomer.org,JORGE,OLIVARES,34,134.66,right_only
473,JORGE.OLIVARES@sakilacustomer.org,JORGE,OLIVARES,68,269.32,left_only
474,DUSTIN.GILLETTE@sakilacustomer.org,DUSTIN,GILLETTE,26,100.74,right_only
474,DUSTIN.GILLETTE@sakilacustomer.org,DUSTIN,GILLETTE,52,201.48,left_only
475,PEDRO.CHESTNUT@sakilacustomer.org,PEDRO,CHESTNUT,24,103.76,right_only
475,PEDRO.CHESTNUT@sakilacustomer.org,PEDRO,CHESTNUT,48,207.52,left_only
476,DERRICK.BOURQUE@sakilacustomer.org,DERRICK,BOURQUE,22,95.78,right_only
476,DERRICK.BOURQUE@sakilacustomer.org,DERRICK,BOURQUE,44,191.56,left_only
477,DAN.PAINE@sakilacustomer.org,DAN,PAINE,22,109.78,right_only
477,DAN.PAINE@sakilacustomer.org,DAN,PAINE,44,219.56,left_only
478,LEWIS.LYMAN@sakilacustomer.org,LEWIS,LYMAN,19,86.81,right_only
478,LEWIS.LYMAN@sakilacustomer.org,LEWIS,LYMAN,38,173.62,left_only
479,ZACHARY.HITE@sakilacustomer.org,ZACHARY,HITE,31,146.69,right_only
479,ZACHARY.HITE@sakilacustomer.org,ZACHARY,HITE,62,293.38,left_only
480,COREY.HAUSER@sakilacustomer.org,COREY,HAUSER,22,101.78,right_only
480,COREY.HAUSER@sakilacustomer.org,COREY,HAUSER,44,203.56,left_only
481,HERMAN.DEVORE@sakilacustomer.org,HERMAN,DEVORE,29,115.71,right_only
481,HERMAN.DEVORE@sakilacustomer.org,HERMAN,DEVORE,58,231.42,left_only
482,MAURICE.CRAWLEY@sakilacustomer.org,MAURICE,CRAWLEY,29,138.71,right_only
482,MAURICE.CRAWLEY@sakilacustomer.org,MAURICE,CRAWLEY,58,277.42,left_only
483,VERNON.CHAPA@sakilacustomer.org,VERNON,CHAPA,18,88.82,right_only
483,VERNON.CHAPA@sakilacustomer.org,VERNON,CHAPA,36,177.64,left_only
484,ROBERTO.VU@sakilacustomer.org,ROBERTO,VU,30,139.7,right_only
484,ROBERTO.VU@sakilacustomer.org,ROBERTO,VU,60,279.4,left_only
485,CLYDE.TOBIAS@sakilacustomer.org,CLYDE,TOBIAS,29,115.71,right_only
485,CLYDE.TOBIAS@sakilacustomer.org,CLYDE,TOBIAS,58,231.42,left_only
486,GLEN.TALBERT@sakilacustomer.org,GLEN,TALBERT,26,113.74,right_only
486,GLEN.TALBERT@sakilacustomer.org,GLEN,TALBERT,52,227.48,left_only
487,HECTOR.POINDEXTER@sakilacustomer.org,HECTOR,POINDEXTER,26,119.74,right_only
487,HECTOR.POINDEXTER@sakilacustomer.org,HECTOR,POINDEXTER,52,239.48,left_only
488,SHANE.MILLARD@sakilacustomer.org,SHANE,MILLARD,22,95.78,right_only
488,SHANE.MILLARD@sakilacustomer.org,SHANE,MILLARD,44,191.56,left_only
489,RICARDO.MEADOR@sakilacustomer.org,RICARDO,MEADOR,21,99.79,right_only
489,RICARDO.MEADOR@sakilacustomer.org,RICARDO,MEADOR,42,199.58,left_only
490,SAM.MCDUFFIE@sakilacustomer.org,SAM,MCDUFFIE,24,117.76,right_only
490,SAM.MCDUFFIE@sakilacustomer.org,SAM,MCDUFFIE,48,235.52,left_only
491,RICK.MATTOX@sakilacustomer.org,RICK,MATTOX,27,124.73,right_only
491,RICK.MATTOX@sakilacustomer.org,RICK,MATTOX,54,249.46,left_only
492,LESTER.KRAUS@sakilacustomer.org,LESTER,KRAUS,16,65.84,right_only
492,LESTER.KRAUS@sakilacustomer.org,LESTER,KRAUS,32,131.68,left_only
493,BRENT.HARKINS@sakilacustomer.org,BRENT,HARKINS,23,112.77,right_only
493,BRENT.HARKINS@sakilacustomer.org,BRENT,HARKINS,46,225.54,left_only
494,RAMON.CHOATE@sakilacustomer.org,RAMON,CHOATE,31,140.69,right_only
494,RAMON.CHOATE@sakilacustomer.org,RAMON,CHOATE,62,281.38,left_only
495,CHARLIE.BESS@sakilacustomer.org,CHARLIE,BESS,26,120.74,right_only
495,CHARLIE.BESS@sakilacustomer.org,CHARLIE,BESS,52,241.48,left_only
496,TYLER.WREN@sakilacustomer.org,TYLER,WREN,21,88.79,right_only
496,TYLER.WREN@sakilacustomer.org,TYLER,WREN,42,177.58,left_only
497,GILBERT.SLEDGE@sakilacustomer.org,GILBERT,SLEDGE,28,129.72,right_only
497,GILBERT.SLEDGE@sakilacustomer.org,GILBERT,SLEDGE,56,259.44,left_only
498,GENE.SANBORN@sakilacustomer.org,GENE,SANBORN,27,97.73,right_only
498,GENE.SANBORN@sakilacustomer.org,GENE,SANBORN,54,195.46,left_only
499,MARC.OUTLAW@sakilacustomer.org,MARC,OUTLAW,30,123.7,right_only
499,MARC.OUTLAW@sakilacustomer.org,MARC,OUTLAW,60,247.4,left_only
500,REGINALD.KINDER@sakilacustomer.org,REGINALD,KINDER,28,115.72,right_only
500,REGINALD.KINDER@sakilacustomer.org,REGINALD,KINDER,56,231.44,left_only
501,RUBEN.GEARY@sakilacustomer.org,RUBEN,GEARY,21,89.79,right_only
501,RUBEN.GEARY@sakilacustomer.org,RUBEN,GEARY,42,179.58,left_only
502,BRETT.CORNWELL@sakilacustomer.org,BRETT,CORNWELL,34,138.66,right_only
502,BRETT.CORNWELL@sakilacustomer.org,BRETT,CORNWELL,68,277.32,left_only
503,ANGEL.BARCLAY@sakilacustomer.org,ANGEL,BARCLAY,33,117.96,right_only
503,ANGEL.BARCLAY@sakilacustomer.org,ANGEL,BARCLAY,66,235.92,left_only
504,NATHANIEL.ADAM@sakilacustomer.org,NATHANIEL,ADAM,28,133.72,right_only
504,NATHANIEL.ADAM@sakilacustomer.org,NATHANIEL,ADAM,56,267.44,left_only
505,RAFAEL.ABNEY@sakilacustomer.org,RAFAEL,ABNEY,21,97.79,right_only
505,RAFAEL.ABNEY@sakilacustomer.org,RAFAEL,ABNEY,42,195.58,left_only
506,LESLIE.SEWARD@sakilacustomer.org,LESLIE,SEWARD,35,152.65,right_only
506,LESLIE.SEWARD@sakilacustomer.org,LESLIE,SEWARD,70,305.3,left_only
507,EDGAR.RHOADS@sakilacustomer.org,EDGAR,RHOADS,25,95.75,right_only
507,EDGAR.RHOADS@sakilacustomer.org,EDGAR,RHOADS,50,191.5,left_only
508,MILTON.HOWLAND@sakilacustomer.org,MILTON,HOWLAND,25,127.75,right_only
508,MILTON.HOWLAND@sakilacustomer.org,MILTON,HOWLAND,50,255.5,left_only
509,RAUL.FORTIER@sakilacustomer.org,RAUL,FORTIER,20,100.8,right_only
509,RAUL.FORTIER@sakilacustomer.org,RAUL,FORTIER,40,201.6,left_only
510,BEN.EASTER@sakilacustomer.org,BEN,EASTER,26,122.74,right_only
510,BEN.EASTER@sakilacustomer.org,BEN,EASTER,52,245.48,left_only
511,CHESTER.BENNER@sakilacustomer.org,CHESTER,BENNER,24,99.76,right_only
511,CHESTER.BENNER@sakilacustomer.org,CHESTER,BENNER,48,199.52,left_only
512,CECIL.VINES@sakilacustomer.org,CECIL,VINES,26,115.74,right_only
512,CECIL.VINES@sakilacustomer.org,CECIL,VINES,52,231.48,left_only
513,DUANE.TUBBS@sakilacustomer.org,DUANE,TUBBS,31,148.69,right_only
513,DUANE.TUBBS@sakilacustomer.org,DUANE,TUBBS,62,297.38,left_only
514,FRANKLIN.TROUTMAN@sakilacustomer.org,FRANKLIN,TROUTMAN,22,74.78,right_only
514,FRANKLIN.TROUTMAN@sakilacustomer.org,FRANKLIN,TROUTMAN,44,149.56,left_only
515,ANDRE.RAPP@sakilacustomer.org,ANDRE,RAPP,28,126.72,right_only
515,ANDRE.RAPP@sakilacustomer.org,ANDRE,RAPP,56,253.44,left_only
516,ELMER.NOE@sakilacustomer.org,ELMER,NOE,26,98.74,right_only
516,ELMER.NOE@sakilacustomer.org,ELMER,NOE,52,197.48,left_only
517,BRAD.MCCURDY@sakilacustomer.org,BRAD,MCCURDY,25,105.75,right_only
517,BRAD.MCCURDY@sakilacustomer.org,BRAD,MCCURDY,50,211.5,left_only
518,GABRIEL.HARDER@sakilacustomer.org,GABRIEL,HARDER,26,111.74,right_only
518,GABRIEL.HARDER@sakilacustomer.org,GABRIEL,HARDER,52,223.48,left_only
519,RON.DELUCA@sakilacustomer.org,RON,DELUCA,23,103.77,right_only
519,RON.DELUCA@sakilacustomer.org,RON,DELUCA,46,207.54,left_only
520,MITCHELL.WESTMORELAND@sakilacustomer.org,MITCHELL,WESTMORELAND,32,134.68,right_only
520,MITCHELL.WESTMORELAND@sakilacustomer.org,MITCHELL,WESTMORELAND,64,269.36,left_only
521,ROLAND.SOUTH@sakilacustomer.org,ROLAND,SOUTH,23,80.77,right_only
521,ROLAND.SOUTH@sakilacustomer.org,ROLAND,SOUTH,46,161.54,left_only
522,ARNOLD.HAVENS@sakilacustomer.org,ARNOLD,HAVENS,34,171.67,right_only
522,ARNOLD.HAVENS@sakilacustomer.org,ARNOLD,HAVENS,68,343.34,left_only
523,HARVEY.GUAJARDO@sakilacustomer.org,HARVEY,GUAJARDO,22,93.78,right_only
523,HARVEY.GUAJARDO@sakilacustomer.org,HARVEY,GUAJARDO,44,187.56,left_only
524,JARED.ELY@sakilacustomer.org,JARED,ELY,19,87.81,right_only
524,JARED.ELY@sakilacustomer.org,JARED,ELY,38,175.62,left_only
525,ADRIAN.CLARY@sakilacustomer.org,ADRIAN,CLARY,19,74.81,right_only
525,ADRIAN.CLARY@sakilacustomer.org,ADRIAN,CLARY,38,149.62,left_only
526,KARL.SEAL@sakilacustomer.org,KARL,SEAL,45,221.55,right_only
526,KARL.SEAL@sakilacustomer.org,KARL,SEAL,90,443.1,left_only
527,CORY.MEEHAN@sakilacustomer.org,CORY,MEEHAN,24,81.76,right_only
527,CORY.MEEHAN@sakilacustomer.org,CORY,MEEHAN,48,163.52,left_only
528,CLAUDE.HERZOG@sakilacustomer.org,CLAUDE,HERZOG,26,113.12,right_only
528,CLAUDE.HERZOG@sakilacustomer.org,CLAUDE,HERZOG,52,226.24,left_only
529,ERIK.GUILLEN@sakilacustomer.org,ERIK,GUILLEN,29,118.71,right_only
529,ERIK.GUILLEN@sakilacustomer.org,ERIK,GUILLEN,58,237.42,left_only
530,DARRYL.ASHCRAFT@sakilacustomer.org,DARRYL,ASHCRAFT,23,76.77,right_only
530,DARRYL.ASHCRAFT@sakilacustomer.org,DARRYL,ASHCRAFT,46,153.54,left_only
531,JAMIE.WAUGH@sakilacustomer.org,JAMIE,WAUGH,25,118.75,right_only
531,JAMIE.WAUGH@sakilacustomer.org,JAMIE,WAUGH,50,237.5,left_only
532,NEIL.RENNER@sakilacustomer.org,NEIL,RENNER,32,152.68,right_only
532,NEIL.RENNER@sakilacustomer.org,NEIL,RENNER,64,305.36,left_only
533,JESSIE.MILAM@sakilacustomer.org,JESSIE,MILAM,33,141.67,right_only
533,JESSIE.MILAM@sakilacustomer.org,JESSIE,MILAM,66,283.34,left_only
534,CHRISTIAN.JUNG@sakilacustomer.org,CHRISTIAN,JUNG,24,88.76,right_only
534,CHRISTIAN.JUNG@sakilacustomer.org,CHRISTIAN,JUNG,48,177.52,left_only
535,JAVIER.ELROD@sakilacustomer.org,JAVIER,ELROD,32,135.68,right_only
535,JAVIER.ELROD@sakilacustomer.org,JAVIER,ELROD,64,271.36,left_only
536,FERNANDO.CHURCHILL@sakilacustomer.org,FERNANDO,CHURCHILL,25,117.75,right_only
536,FERNANDO.CHURCHILL@sakilacustomer.org,FERNANDO,CHURCHILL,50,235.5,left_only
537,CLINTON.BUFORD@sakilacustomer.org,CLINTON,BUFORD,25,103.75,right_only
537,CLINTON.BUFORD@sakilacustomer.org,CLINTON,BUFORD,50,207.5,left_only
538,TED.BREAUX@sakilacustomer.org,TED,BREAUX,29,117.71,right_only
538,TED.BREAUX@sakilacustomer.org,TED,BREAUX,58,235.42,left_only
539,MATHEW.BOLIN@sakilacustomer.org,MATHEW,BOLIN,22,90.78,right_only
539,MATHEW.BOLIN@sakilacustomer.org,MATHEW,BOLIN,44,181.56,left_only
540,TYRONE.ASHER@sakilacustomer.org,TYRONE,ASHER,24,112.76,right_only
540,TYRONE.ASHER@sakilacustomer.org,TYRONE,ASHER,48,225.52,left_only
541,DARREN.WINDHAM@sakilacustomer.org,DARREN,WINDHAM,24,108.76,right_only
541,DARREN.WINDHAM@sakilacustomer.org,DARREN,WINDHAM,48,217.52,left_only
542,LONNIE.TIRADO@sakilacustomer.org,LONNIE,TIRADO,18,94.82,right_only
542,LONNIE.TIRADO@sakilacustomer.org,LONNIE,TIRADO,36,189.64,left_only
543,LANCE.PEMBERTON@sakilacustomer.org,LANCE,PEMBERTON,22,82.78,right_only
543,LANCE.PEMBERTON@sakilacustomer.org,LANCE,PEMBERTON,44,165.56,left_only
544,CODY.NOLEN@sakilacustomer.org,CODY,NOLEN,22,98.78,right_only
544,CODY.NOLEN@sakilacustomer.org,CODY,NOLEN,44,197.56,left_only
545,JULIO.NOLAND@sakilacustomer.org,JULIO,NOLAND,21,89.79,right_only
545,JULIO.NOLAND@sakilacustomer.org,JULIO,NOLAND,42,179.58,left_only
546,KELLY.KNOTT@sakilacustomer.org,KELLY,KNOTT,25,103.75,right_only
546,KELLY.KNOTT@sakilacustomer.org,KELLY,KNOTT,50,207.5,left_only
547,KURT.EMMONS@sakilacustomer.org,KURT,EMMONS,23,99.77,right_only
547,KURT.EMMONS@sakilacustomer.org,KURT,EMMONS,46,199.54,left_only
548,ALLAN.CORNISH@sakilacustomer.org,ALLAN,CORNISH,19,79.81,right_only
548,ALLAN.CORNISH@sakilacustomer.org,ALLAN,CORNISH,38,159.62,left_only
549,NELSON.CHRISTENSON@sakilacustomer.org,NELSON,CHRISTENSON,20,77.8,right_only
549,NELSON.CHRISTENSON@sakilacustomer.org,NELSON,CHRISTENSON,40,155.6,left_only
550,GUY.BROWNLEE@sakilacustomer.org,GUY,BROWNLEE,32,159.68,right_only
550,GUY.BROWNLEE@sakilacustomer.org,GUY,BROWNLEE,64,319.36,left_only
551,CLAYTON.BARBEE@sakilacustomer.org,CLAYTON,BARBEE,26,96.74,right_only
551,CLAYTON.BARBEE@sakilacustomer.org,CLAYTON,BARBEE,52,193.48,left_only
552,HUGH.WALDROP@sakilacustomer.org,HUGH,WALDROP,22,93.91,right_only
552,HUGH.WALDROP@sakilacustomer.org,HUGH,WALDROP,44,187.82,left_only
553,MAX.PITT@sakilacustomer.org,MAX,PITT,24,107.76,right_only
553,MAX.PITT@sakilacustomer.org,MAX,PITT,48,215.52,left_only
554,DWAYNE.OLVERA@sakilacustomer.org,DWAYNE,OLVERA,22,101.78,right_only
554,DWAYNE.OLVERA@sakilacustomer.org,DWAYNE,OLVERA,44,203.56,left_only
555,DWIGHT.LOMBARDI@sakilacustomer.org,DWIGHT,LOMBARDI,17,74.83,right_only
555,DWIGHT.LOMBARDI@sakilacustomer.org,DWIGHT,LOMBARDI,34,149.66,left_only
556,ARMANDO.GRUBER@sakilacustomer.org,ARMANDO,GRUBER,21,83.79,right_only
556,ARMANDO.GRUBER@sakilacustomer.org,ARMANDO,GRUBER,42,167.58,left_only
557,FELIX.GAFFNEY@sakilacustomer.org,FELIX,GAFFNEY,24,73.76,right_only
557,FELIX.GAFFNEY@sakilacustomer.org,FELIX,GAFFNEY,48,147.52,left_only
558,JIMMIE.EGGLESTON@sakilacustomer.org,JIMMIE,EGGLESTON,28,135.72,right_only
558,JIMMIE.EGGLESTON@sakilacustomer.org,JIMMIE,EGGLESTON,56,271.44,left_only
559,EVERETT.BANDA@sakilacustomer.org,EVERETT,BANDA,28,110.72,right_only
559,EVERETT.BANDA@sakilacustomer.org,EVERETT,BANDA,56,221.44,left_only
560,JORDAN.ARCHULETA@sakilacustomer.org,JORDAN,ARCHULETA,30,132.7,right_only
560,JORDAN.ARCHULETA@sakilacustomer.org,JORDAN,ARCHULETA,60,265.4,left_only
561,IAN.STILL@sakilacustomer.org,IAN,STILL,27,96.73,right_only
561,IAN.STILL@sakilacustomer.org,IAN,STILL,54,193.46,left_only
562,WALLACE.SLONE@sakilacustomer.org,WALLACE,SLONE,25,109.75,right_only
562,WALLACE.SLONE@sakilacustomer.org,WALLACE,SLONE,50,219.5,left_only
563,KEN.PREWITT@sakilacustomer.org,KEN,PREWITT,29,110.71,right_only
563,KEN.PREWITT@sakilacustomer.org,KEN,PREWITT,58,221.42,left_only
564,BOB.PFEIFFER@sakilacustomer.org,BOB,PFEIFFER,24,91.76,right_only
564,BOB.PFEIFFER@sakilacustomer.org,BOB,PFEIFFER,48,183.52,left_only
565,JAIME.NETTLES@sakilacustomer.org,JAIME,NETTLES,29,126.71,right_only
565,JAIME.NETTLES@sakilacustomer.org,JAIME,NETTLES,58,253.42,left_only
566,CASEY.MENA@sakilacustomer.org,CASEY,MENA,34,141.66,right_only
566,CASEY.MENA@sakilacustomer.org,CASEY,MENA,68,283.32,left_only
567,ALFREDO.MCADAMS@sakilacustomer.org,ALFREDO,MCADAMS,20,85.8,right_only
567,ALFREDO.MCADAMS@sakilacustomer.org,ALFREDO,MCADAMS,40,171.6,left_only
568,ALBERTO.HENNING@sakilacustomer.org,ALBERTO,HENNING,21,66.79,right_only
568,ALBERTO.HENNING@sakilacustomer.org,ALBERTO,HENNING,42,133.58,left_only
569,DAVE.GARDINER@sakilacustomer.org,DAVE,GARDINER,32,134.68,right_only
569,DAVE.GARDINER@sakilacustomer.org,DAVE,GARDINER,64,269.36,left_only
570,IVAN.CROMWELL@sakilacustomer.org,IVAN,CROMWELL,26,99.74,right_only
570,IVAN.CROMWELL@sakilacustomer.org,IVAN,CROMWELL,52,199.48,left_only
571,JOHNNIE.CHISHOLM@sakilacustomer.org,JOHNNIE,CHISHOLM,25,123.4,right_only
571,JOHNNIE.CHISHOLM@sakilacustomer.org,JOHNNIE,CHISHOLM,50,246.8,left_only
572,SIDNEY.BURLESON@sakilacustomer.org,SIDNEY,BURLESON,25,108.75,right_only
572,SIDNEY.BURLESON@sakilacustomer.org,SIDNEY,BURLESON,50,217.5,left_only
573,BYRON.BOX@sakilacustomer.org,BYRON,BOX,29,120.71,right_only
573,BYRON.BOX@sakilacustomer.org,BYRON,BOX,58,241.42,left_only
574,JULIAN.VEST@sakilacustomer.org,JULIAN,VEST,28,109.72,right_only
574,JULIAN.VEST@sakilacustomer.org,JULIAN,VEST,56,219.44,left_only
575,ISAAC.OGLESBY@sakilacustomer.org,ISAAC,OGLESBY,29,126.71,right_only
575,ISAAC.OGLESBY@sakilacustomer.org,ISAAC,OGLESBY,58,253.42,left_only
576,MORRIS.MCCARTER@sakilacustomer.org,MORRIS,MCCARTER,34,139.66,right_only
576,MORRIS.MCCARTER@sakilacustomer.org,MORRIS,MCCARTER,68,279.32,left_only
577,CLIFTON.MALCOLM@sakilacustomer.org,CLIFTON,MALCOLM,27,117.73,right_only
577,CLIFTON.MALCOLM@sakilacustomer.org,CLIFTON,MALCOLM,54,235.46,left_only
578,WILLARD.LUMPKIN@sakilacustomer.org,WILLARD,LUMPKIN,22,96.78,right_only
578,WILLARD.LUMPKIN@sakilacustomer.org,WILLARD,LUMPKIN,44,193.56,left_only
579,DARYL.LARUE@sakilacustomer.org,DARYL,LARUE,27,111.73,right_only
579,DARYL.LARUE@sakilacustomer.org,DARYL,LARUE,54,223.46,left_only
580,ROSS.GREY@sakilacustomer.org,ROSS,GREY,27,99.73,right_only
580,ROSS.GREY@sakilacustomer.org,ROSS,GREY,54,199.46,left_only
581,VIRGIL.WOFFORD@sakilacustomer.org,VIRGIL,WOFFORD,27,107.73,right_only
581,VIRGIL.WOFFORD@sakilacustomer.org,VIRGIL,WOFFORD,54,215.46,left_only
582,ANDY.VANHORN@sakilacustomer.org,ANDY,VANHORN,25,113.75,right_only
582,ANDY.VANHORN@sakilacustomer.org,ANDY,VANHORN,50,227.5,left_only
583,MARSHALL.THORN@sakilacustomer.org,MARSHALL,THORN,23,117.77,right_only
583,MARSHALL.THORN@sakilacustomer.org,MARSHALL,THORN,46,235.54,left_only
584,SALVADOR.TEEL@sakilacustomer.org,SALVADOR,TEEL,30,129.7,right_only
584,SALVADOR.TEEL@sakilacustomer.org,SALVADOR,TEEL,60,259.4,left_only
585,PERRY.SWAFFORD@sakilacustomer.org,PERRY,SWAFFORD,24,117.76,right_only
585,PERRY.SWAFFORD@sakilacustomer.org,PERRY,SWAFFORD,48,235.52,left_only
586,KIRK.STCLAIR@sakilacustomer.org,KIRK,STCLAIR,19,64.81,right_only
586,KIRK.STCLAIR@sakilacustomer.org,KIRK,STCLAIR,38,129.62,left_only
587,SERGIO.STANFIELD@sakilacustomer.org,SERGIO,STANFIELD,26,108.74,right_only
587,SERGIO.STANFIELD@sakilacustomer.org,SERGIO,STANFIELD,52,217.48,left_only
588,MARION.OCAMPO@sakilacustomer.org,MARION,OCAMPO,29,115.71,right_only
588,MARION.OCAMPO@sakilacustomer.org,MARION,OCAMPO,58,231.42,left_only
589,TRACY.HERRMANN@sakilacustomer.org,TRACY,HERRMANN,28,129.72,right_only
589,TRACY.HERRMANN@sakilacustomer.org,TRACY,HERRMANN,56,259.44,left_only
590,SETH.HANNON@sakilacustomer.org,SETH,HANNON,25,112.75,right_only
590,SETH.HANNON@sakilacustomer.org,SETH,HANNON,50,225.5,left_only
591,KENT.ARSENAULT@sakilacustomer.org,KENT,ARSENAULT,27,134.73,right_only
591,KENT.ARSENAULT@sakilacustomer.org,KENT,ARSENAULT,54,269.46,left_only
592,TERRANCE.ROUSH@sakilacustomer.org,TERRANCE,ROUSH,30,115.24,right_only
592,TERRANCE.ROUSH@sakilacustomer.org,TERRANCE,ROUSH,60,230.48,left_only
593,RENE.MCALISTER@sakilacustomer.org,RENE,MCALISTER,26,113.74,right_only
593,RENE.MCALISTER@sakilacustomer.org,RENE,MCALISTER,52,227.48,left_only
594,EDUARDO.HIATT@sakilacustomer.org,EDUARDO,HIATT,27,130.73,right_only
594,EDUARDO.HIATT@sakilacustomer.org,EDUARDO,HIATT,54,261.46,left_only
595,TERRENCE.GUNDERSON@sakilacustomer.org,TERRENCE,GUNDERSON,30,117.7,right_only
595,TERRENCE.GUNDERSON@sakilacustomer.org,TERRENCE,GUNDERSON,60,235.4,left_only
596,ENRIQUE.FORSYTHE@sakilacustomer.org,ENRIQUE,FORSYTHE,28,96.72,right_only
596,ENRIQUE.FORSYTHE@sakilacustomer.org,ENRIQUE,FORSYTHE,56,193.44,left_only
597,FREDDIE.DUGGAN@sakilacustomer.org,FREDDIE,DUGGAN,25,99.75,right_only
597,FREDDIE.DUGGAN@sakilacustomer.org,FREDDIE,DUGGAN,50,199.5,left_only
598,WADE.DELVALLE@sakilacustomer.org,WADE,DELVALLE,22,83.78,right_only
598,WADE.DELVALLE@sakilacustomer.org,WADE,DELVALLE,44,167.56,left_only
599,AUSTIN.CINTRON@sakilacustomer.org,AUSTIN,CINTRON,19,83.81,right_only
599,AUSTIN.CINTRON@sakilacustomer.org,AUSTIN,CINTRON,38,167.62,left_only
